task;plans_file;stage;batch_size;num_pool_per_axis;patch_size;patch_size(mm);median_patient_size_in_voxels;median_patient_size_in_mm;current_spacing;original_spacing;pool_op_kernel_sizes;conv_kernel_sizes
Task01_BrainTumour;nnUNetPlans_plans_2D.pkl;0;107;[5, 5];[192 160];['192.00', '160.00'];[138 169 138];['138.00', '169.00', '138.00'];['1.00', '1.00', '1.00'];['1.00', '1.00', '1.00'];[[2, 2], [2, 2], [2, 2], [2, 2], [2, 2]];[[3, 3], [3, 3], [3, 3], [3, 3], [3, 3], [3, 3]];nnUNet_2D
Task01_BrainTumour;nnUNetPlans_plans_3D.pkl;0;2;[5, 5, 5];[128 128 128];['128.00', '128.00', '128.00'];[138 169 138];['138.00', '169.00', '138.00'];['1.00', '1.00', '1.00'];['1.00', '1.00', '1.00'];[[2, 2, 2], [2, 2, 2], [2, 2, 2], [2, 2, 2], [2, 2, 2]];[[3, 3, 3], [3, 3, 3], [3, 3, 3], [3, 3, 3], [3, 3, 3], [3, 3, 3]];nnUNet
Task01_BrainTumour;nnUNetPlansallConv3x3_plans_3D.pkl;0;2;[5, 5, 5];[128 128 128];['128.00', '128.00', '128.00'];[138 169 138];['138.00', '169.00', '138.00'];['1.00', '1.00', '1.00'];['1.00', '1.00', '1.00'];[[2, 2, 2], [2, 2, 2], [2, 2, 2], [2, 2, 2], [2, 2, 2]];[[3, 3, 3], [3, 3, 3], [3, 3, 3], [3, 3, 3], [3, 3, 3], [3, 3, 3]];nnUNet
Task01_BrainTumour;nnUNetPlansfixed_plans_3D.pkl;0;2;[5, 5, 5];[128 128 128];['128.00', '128.00', '128.00'];[138 169 138];['138.00', '169.00', '138.00'];['1.00', '1.00', '1.00'];['1.00', '1.00', '1.00'];[[2, 2, 2], [2, 2, 2], [2, 2, 2], [2, 2, 2], [2, 2, 2]];[[3, 3, 3], [3, 3, 3], [3, 3, 3], [3, 3, 3], [3, 3, 3], [3, 3, 3]];nnUNet
Task01_BrainTumour;nnUNetPlansfixedisoPatchesInVoxels_plans_3D.pkl;0;2;[5, 5, 5];[128 128 128];['128.00', '128.00', '128.00'];[138 169 138];['138.00', '169.00', '138.00'];['1.00', '1.00', '1.00'];['1.00', '1.00', '1.00'];[[2, 2, 2], [2, 2, 2], [2, 2, 2], [2, 2, 2], [2, 2, 2]];[[3, 3, 3], [3, 3, 3], [3, 3, 3], [3, 3, 3], [3, 3, 3], [3, 3, 3]];nnUNetData_isoPatchesInVoxels
Task01_BrainTumour;nnUNetPlansfixedisoPatchesInmm_plans_3D.pkl;0;2;[5, 5, 5];[128 128 128];['128.00', '128.00', '128.00'];[138 169 138];['138.00', '169.00', '138.00'];['1.00', '1.00', '1.00'];['1.00', '1.00', '1.00'];[[2, 2, 2], [2, 2, 2], [2, 2, 2], [2, 2, 2], [2, 2, 2]];[[3, 3, 3], [3, 3, 3], [3, 3, 3], [3, 3, 3], [3, 3, 3], [3, 3, 3]];nnUNet_isoPatchesInmm
Task01_BrainTumour;nnUNetPlanspoolBasedOnSpacing_plans_3D.pkl;0;2;[5, 5, 5];[128 128 128];['128.00', '128.00', '128.00'];[138 169 138];['138.00', '169.00', '138.00'];['1.00', '1.00', '1.00'];['1.00', '1.00', '1.00'];[[2, 2, 2], [2, 2, 2], [2, 2, 2], [2, 2, 2], [2, 2, 2]];[[3, 3, 3], [3, 3, 3], [3, 3, 3], [3, 3, 3], [3, 3, 3], [3, 3, 3]];nnUNetData_poolBasedOnSpacing
Task01_BrainTumour;nnUNetPlanstargetSpacingForAnisoAxis_plans_3D.pkl;0;2;[5, 5, 5];[128 128 128];['128.00', '128.00', '128.00'];[138 169 138];['138.00', '169.00', '138.00'];['1.00', '1.00', '1.00'];['1.00', '1.00', '1.00'];[[2, 2, 2], [2, 2, 2], [2, 2, 2], [2, 2, 2], [2, 2, 2]];[[3, 3, 3], [3, 3, 3], [3, 3, 3], [3, 3, 3], [3, 3, 3], [3, 3, 3]];nnUNetData_targetSpacingForAnisoAxis

Task02_Heart;nnUNetPlans_32filt_plans_2D.pkl;0;40;[6, 5];[320 256];['438.40', '320.00'];[115 320 232];['157.55', '400.00', '290.00'];['1.37', '1.25', '1.25'];['1.37', '1.25', '1.25'];[[2, 2], [2, 2], [2, 2], [2, 2], [2, 2], [2, 1]];[[3, 3], [3, 3], [3, 3], [3, 3], [3, 3], [3, 3], [3, 3]];nnUNet_2D
Task02_Heart;nnUNetPlans_32filt_plans_3D.pkl;0;2;[4, 5, 5];[ 64 192 160];['87.68', '240.00', '200.00'];[115 320 232];['157.55', '400.00', '290.00'];['1.37', '1.25', '1.25'];['1.37', '1.25', '1.25'];[[1, 2, 2], [2, 2, 2], [2, 2, 2], [2, 2, 2], [2, 2, 2]];[[3, 3, 3], [3, 3, 3], [3, 3, 3], [3, 3, 3], [3, 3, 3], [3, 3, 3]];nnUNet
Task02_Heart;nnUNetPlans_plans_2D.pkl;0;40;[6, 5];[320 256];['438.40', '320.00'];[115 320 232];['157.55', '400.00', '290.00'];['1.37', '1.25', '1.25'];['1.37', '1.25', '1.25'];[[2, 2], [2, 2], [2, 2], [2, 2], [2, 2], [2, 1]];[[3, 3], [3, 3], [3, 3], [3, 3], [3, 3], [3, 3], [3, 3]];nnUNet_2D
Task02_Heart;nnUNetPlans_plans_3D.pkl;0;2;[4, 5, 5];[ 64 192 160];['87.68', '240.00', '200.00'];[115 320 232];['157.55', '400.00', '290.00'];['1.37', '1.25', '1.25'];['1.37', '1.25', '1.25'];[[1, 2, 2], [2, 2, 2], [2, 2, 2], [2, 2, 2], [2, 2, 2]];[[3, 3, 3], [3, 3, 3], [3, 3, 3], [3, 3, 3], [3, 3, 3], [3, 3, 3]];nnUNet
Task02_Heart;nnUNetPlansallConv3x3_plans_3D.pkl;0;2;[4, 5, 5];[ 64 192 160];['87.68', '240.00', '200.00'];[115 320 232];['157.55', '400.00', '290.00'];['1.37', '1.25', '1.25'];['1.37', '1.25', '1.25'];[[1, 2, 2], [2, 2, 2], [2, 2, 2], [2, 2, 2], [2, 2, 2]];[[3, 3, 3], [3, 3, 3], [3, 3, 3], [3, 3, 3], [3, 3, 3], [3, 3, 3]];nnUNet
Task02_Heart;nnUNetPlansfixed_plans_3D.pkl;0;2;[4, 5, 5];[ 64 192 160];['87.68', '240.00', '200.00'];[115 320 232];['157.55', '400.00', '290.00'];['1.37', '1.25', '1.25'];['1.37', '1.25', '1.25'];[[1, 2, 2], [2, 2, 2], [2, 2, 2], [2, 2, 2], [2, 2, 2]];[[3, 3, 3], [3, 3, 3], [3, 3, 3], [3, 3, 3], [3, 3, 3], [3, 3, 3]];nnUNet
Task02_Heart;nnUNetPlansfixedisoPatchesInVoxels_plans_3D.pkl;0;2;[5, 5, 5];[128 128 128];['175.36', '160.00', '160.00'];[115 320 232];['157.55', '400.00', '290.00'];['1.37', '1.25', '1.25'];['1.37', '1.25', '1.25'];[[2, 2, 2], [2, 2, 2], [2, 2, 2], [2, 2, 2], [2, 2, 2]];[[3, 3, 3], [3, 3, 3], [3, 3, 3], [3, 3, 3], [3, 3, 3], [3, 3, 3]];nnUNetData_isoPatchesInVoxels
Task02_Heart;nnUNetPlansfixedisoPatchesInmm_plans_3D.pkl;0;2;[5, 5, 5];[128 128 128];['175.36', '160.00', '160.00'];[115 320 232];['157.55', '400.00', '290.00'];['1.37', '1.25', '1.25'];['1.37', '1.25', '1.25'];[[2, 2, 2], [2, 2, 2], [2, 2, 2], [2, 2, 2], [2, 2, 2]];[[3, 3, 3], [3, 3, 3], [3, 3, 3], [3, 3, 3], [3, 3, 3], [3, 3, 3]];nnUNet_isoPatchesInmm
Task02_Heart;nnUNetPlanspoolBasedOnSpacing_plans_3D.pkl;0;2;[4, 5, 5];[ 80 192 160];['109.60', '240.00', '200.00'];[115 320 232];['157.55', '400.00', '290.00'];['1.37', '1.25', '1.25'];['1.37', '1.25', '1.25'];[[2, 2, 2], [2, 2, 2], [2, 2, 2], [2, 2, 2], [1, 2, 2]];[[3, 3, 3], [3, 3, 3], [3, 3, 3], [3, 3, 3], [3, 3, 3], [3, 3, 3]];nnUNetData_poolBasedOnSpacing
Task02_Heart;nnUNetPlanstargetSpacingForAnisoAxis_plans_3D.pkl;0;2;[4, 5, 5];[ 64 192 160];['87.68', '240.00', '200.00'];[115 320 232];['157.55', '400.00', '290.00'];['1.37', '1.25', '1.25'];['1.37', '1.25', '1.25'];[[1, 2, 2], [2, 2, 2], [2, 2, 2], [2, 2, 2], [2, 2, 2]];[[3, 3, 3], [3, 3, 3], [3, 3, 3], [3, 3, 3], [3, 3, 3], [3, 3, 3]];nnUNetData_targetSpacingForAnisoAxis

Task03_Liver;nnUNetPlansCT2_plans_3D.pkl;0;2;[5, 5, 5];[128 128 128];['316.56', '242.98', '242.98'];[195 207 207];['482.26', '392.95', '392.95'];['2.47', '1.90', '1.90'];['1.00', '0.77', '0.77'];[[2, 2, 2], [2, 2, 2], [2, 2, 2], [2, 2, 2], [2, 2, 2]];[[3, 3, 3], [3, 3, 3], [3, 3, 3], [3, 3, 3], [3, 3, 3], [3, 3, 3]];nnUNet_CT2
Task03_Liver;nnUNetPlansCT2_plans_3D.pkl;1;2;[5, 5, 5];[128 128 128];['128.00', '98.25', '98.25'];[482 512 512];['482.00', '393.00', '393.00'];['1.00', '0.77', '0.77'];['1.00', '0.77', '0.77'];[[2, 2, 2], [2, 2, 2], [2, 2, 2], [2, 2, 2], [2, 2, 2]];[[3, 3, 3], [3, 3, 3], [3, 3, 3], [3, 3, 3], [3, 3, 3], [3, 3, 3]];nnUNet_CT2
Task03_Liver;nnUNetPlans_plans_2D.pkl;0;12;[7, 7];[512 512];['512.00', '393.00'];[482 512 512];['482.00', '393.00', '393.00'];['1.00', '0.77', '0.77'];['1.00', '0.77', '0.77'];[[2, 2], [2, 2], [2, 2], [2, 2], [2, 2], [2, 2], [2, 2]];[[3, 3], [3, 3], [3, 3], [3, 3], [3, 3], [3, 3], [3, 3], [3, 3]];nnUNet_2D
Task03_Liver;nnUNetPlans_plans_3D.pkl;0;2;[5, 5, 5];[128 128 128];['316.56', '242.98', '242.98'];[195 207 207];['482.26', '392.95', '392.95'];['2.47', '1.90', '1.90'];['1.00', '0.77', '0.77'];[[2, 2, 2], [2, 2, 2], [2, 2, 2], [2, 2, 2], [2, 2, 2]];[[3, 3, 3], [3, 3, 3], [3, 3, 3], [3, 3, 3], [3, 3, 3], [3, 3, 3]];nnUNet
Task03_Liver;nnUNetPlans_plans_3D.pkl;1;2;[5, 5, 5];[128 128 128];['128.00', '98.25', '98.25'];[482 512 512];['482.00', '393.00', '393.00'];['1.00', '0.77', '0.77'];['1.00', '0.77', '0.77'];[[2, 2, 2], [2, 2, 2], [2, 2, 2], [2, 2, 2], [2, 2, 2]];[[3, 3, 3], [3, 3, 3], [3, 3, 3], [3, 3, 3], [3, 3, 3], [3, 3, 3]];nnUNet
Task03_Liver;nnUNetPlansallConv3x3_plans_3D.pkl;0;2;[5, 5, 5];[128 128 128];['316.56', '242.98', '242.98'];[195 207 207];['482.26', '392.95', '392.95'];['2.47', '1.90', '1.90'];['1.00', '0.77', '0.77'];[[2, 2, 2], [2, 2, 2], [2, 2, 2], [2, 2, 2], [2, 2, 2]];[[3, 3, 3], [3, 3, 3], [3, 3, 3], [3, 3, 3], [3, 3, 3], [3, 3, 3]];nnUNet
Task03_Liver;nnUNetPlansallConv3x3_plans_3D.pkl;1;2;[5, 5, 5];[128 128 128];['128.00', '98.25', '98.25'];[482 512 512];['482.00', '393.00', '393.00'];['1.00', '0.77', '0.77'];['1.00', '0.77', '0.77'];[[2, 2, 2], [2, 2, 2], [2, 2, 2], [2, 2, 2], [2, 2, 2]];[[3, 3, 3], [3, 3, 3], [3, 3, 3], [3, 3, 3], [3, 3, 3], [3, 3, 3]];nnUNet
Task03_Liver;nnUNetPlansfixed_plans_3D.pkl;0;2;[5, 5, 5];[128 128 128];['316.56', '242.98', '242.98'];[195 207 207];['482.26', '392.95', '392.95'];['2.47', '1.90', '1.90'];['1.00', '0.77', '0.77'];[[2, 2, 2], [2, 2, 2], [2, 2, 2], [2, 2, 2], [2, 2, 2]];[[3, 3, 3], [3, 3, 3], [3, 3, 3], [3, 3, 3], [3, 3, 3], [3, 3, 3]];nnUNet
Task03_Liver;nnUNetPlansfixed_plans_3D.pkl;1;2;[5, 5, 5];[128 128 128];['128.00', '98.25', '98.25'];[482 512 512];['482.00', '393.00', '393.00'];['1.00', '0.77', '0.77'];['1.00', '0.77', '0.77'];[[2, 2, 2], [2, 2, 2], [2, 2, 2], [2, 2, 2], [2, 2, 2]];[[3, 3, 3], [3, 3, 3], [3, 3, 3], [3, 3, 3], [3, 3, 3], [3, 3, 3]];nnUNet
Task03_Liver;nnUNetPlansfixedisoPatchesInVoxels_plans_3D.pkl;0;2;[5, 5, 5];[128 128 128];['316.56', '242.98', '242.98'];[195 207 207];['482.26', '392.95', '392.95'];['2.47', '1.90', '1.90'];['1.00', '0.77', '0.77'];[[2, 2, 2], [2, 2, 2], [2, 2, 2], [2, 2, 2], [2, 2, 2]];[[3, 3, 3], [3, 3, 3], [3, 3, 3], [3, 3, 3], [3, 3, 3], [3, 3, 3]];nnUNetData_isoPatchesInVoxels
Task03_Liver;nnUNetPlansfixedisoPatchesInVoxels_plans_3D.pkl;1;2;[5, 5, 5];[128 128 128];['128.00', '98.25', '98.25'];[482 512 512];['482.00', '393.00', '393.00'];['1.00', '0.77', '0.77'];['1.00', '0.77', '0.77'];[[2, 2, 2], [2, 2, 2], [2, 2, 2], [2, 2, 2], [2, 2, 2]];[[3, 3, 3], [3, 3, 3], [3, 3, 3], [3, 3, 3], [3, 3, 3], [3, 3, 3]];nnUNetData_isoPatchesInVoxels
Task03_Liver;nnUNetPlansfixedisoPatchesInmm_plans_3D.pkl;0;2;[4, 5, 5];[112 128 128];['288.24', '252.85', '252.85'];[187 199 199];['481.25', '393.10', '393.10'];['2.57', '1.98', '1.98'];['1.00', '0.77', '0.77'];[[1, 2, 2], [2, 2, 2], [2, 2, 2], [2, 2, 2], [2, 2, 2]];[[3, 3, 3], [3, 3, 3], [3, 3, 3], [3, 3, 3], [3, 3, 3], [3, 3, 3]];nnUNet_isoPatchesInmm
Task03_Liver;nnUNetPlansfixedisoPatchesInmm_plans_3D.pkl;1;2;[4, 5, 5];[112 128 128];['112.00', '98.25', '98.25'];[482 512 512];['482.00', '393.00', '393.00'];['1.00', '0.77', '0.77'];['1.00', '0.77', '0.77'];[[1, 2, 2], [2, 2, 2], [2, 2, 2], [2, 2, 2], [2, 2, 2]];[[3, 3, 3], [3, 3, 3], [3, 3, 3], [3, 3, 3], [3, 3, 3], [3, 3, 3]];nnUNet_isoPatchesInmm
Task03_Liver;nnUNetPlansnonCT_plans_3D.pkl;0;2;[5, 5, 5];[128 128 128];['316.56', '242.98', '242.98'];[195 207 207];['482.26', '392.95', '392.95'];['2.47', '1.90', '1.90'];['1.00', '0.77', '0.77'];[[2, 2, 2], [2, 2, 2], [2, 2, 2], [2, 2, 2], [2, 2, 2]];[[3, 3, 3], [3, 3, 3], [3, 3, 3], [3, 3, 3], [3, 3, 3], [3, 3, 3]];nnUNet_nonCT
Task03_Liver;nnUNetPlansnonCT_plans_3D.pkl;1;2;[5, 5, 5];[128 128 128];['128.00', '98.25', '98.25'];[482 512 512];['482.00', '393.00', '393.00'];['1.00', '0.77', '0.77'];['1.00', '0.77', '0.77'];[[2, 2, 2], [2, 2, 2], [2, 2, 2], [2, 2, 2], [2, 2, 2]];[[3, 3, 3], [3, 3, 3], [3, 3, 3], [3, 3, 3], [3, 3, 3], [3, 3, 3]];nnUNet_nonCT
Task03_Liver;nnUNetPlanspoolBasedOnSpacing_plans_3D.pkl;0;2;[5, 5, 5];[128 128 128];['316.56', '242.98', '242.98'];[195 207 207];['482.26', '392.95', '392.95'];['2.47', '1.90', '1.90'];['1.00', '0.77', '0.77'];[[2, 2, 2], [2, 2, 2], [2, 2, 2], [2, 2, 2], [2, 2, 2]];[[3, 3, 3], [3, 3, 3], [3, 3, 3], [3, 3, 3], [3, 3, 3], [3, 3, 3]];nnUNetData_poolBasedOnSpacing
Task03_Liver;nnUNetPlanspoolBasedOnSpacing_plans_3D.pkl;1;2;[5, 5, 5];[128 128 128];['128.00', '98.25', '98.25'];[482 512 512];['482.00', '393.00', '393.00'];['1.00', '0.77', '0.77'];['1.00', '0.77', '0.77'];[[2, 2, 2], [2, 2, 2], [2, 2, 2], [2, 2, 2], [2, 2, 2]];[[3, 3, 3], [3, 3, 3], [3, 3, 3], [3, 3, 3], [3, 3, 3], [3, 3, 3]];nnUNetData_poolBasedOnSpacing
Task03_Liver;nnUNetPlanstargetSpacingForAnisoAxis_plans_3D.pkl;0;2;[5, 5, 5];[128 128 128];['316.56', '242.98', '242.98'];[195 207 207];['482.26', '392.95', '392.95'];['2.47', '1.90', '1.90'];['1.00', '0.77', '0.77'];[[2, 2, 2], [2, 2, 2], [2, 2, 2], [2, 2, 2], [2, 2, 2]];[[3, 3, 3], [3, 3, 3], [3, 3, 3], [3, 3, 3], [3, 3, 3], [3, 3, 3]];nnUNetData_targetSpacingForAnisoAxis
Task03_Liver;nnUNetPlanstargetSpacingForAnisoAxis_plans_3D.pkl;1;2;[5, 5, 5];[128 128 128];['128.00', '98.25', '98.25'];[482 512 512];['482.00', '393.00', '393.00'];['1.00', '0.77', '0.77'];['1.00', '0.77', '0.77'];[[2, 2, 2], [2, 2, 2], [2, 2, 2], [2, 2, 2], [2, 2, 2]];[[3, 3, 3], [3, 3, 3], [3, 3, 3], [3, 3, 3], [3, 3, 3], [3, 3, 3]];nnUNetData_targetSpacingForAnisoAxis

Task04_Hippocampus;nnUNetPlans_plans_2D.pkl;0;366;[3, 3];[56 40];['56.00', '40.00'];[36 50 35];['36.00', '50.00', '35.00'];['1.00', '1.00', '1.00'];['1.00', '1.00', '1.00'];[[2, 2], [2, 2], [2, 2]];[[3, 3], [3, 3], [3, 3], [3, 3]];nnUNet_2D
Task04_Hippocampus;nnUNetPlans_plans_3D.pkl;0;9;[3, 3, 3];[40 56 40];['40.00', '56.00', '40.00'];[36 50 35];['36.00', '50.00', '35.00'];['1.00', '1.00', '1.00'];['1.00', '1.00', '1.00'];[[2, 2, 2], [2, 2, 2], [2, 2, 2]];[[3, 3, 3], [3, 3, 3], [3, 3, 3], [3, 3, 3]];nnUNet
Task04_Hippocampus;nnUNetPlansallConv3x3_plans_3D.pkl;0;9;[3, 3, 3];[40 56 40];['40.00', '56.00', '40.00'];[36 50 35];['36.00', '50.00', '35.00'];['1.00', '1.00', '1.00'];['1.00', '1.00', '1.00'];[[2, 2, 2], [2, 2, 2], [2, 2, 2]];[[3, 3, 3], [3, 3, 3], [3, 3, 3], [3, 3, 3]];nnUNet
Task04_Hippocampus;nnUNetPlansfixed_plans_3D.pkl;0;9;[3, 3, 3];[40 56 40];['40.00', '56.00', '40.00'];[36 50 35];['36.00', '50.00', '35.00'];['1.00', '1.00', '1.00'];['1.00', '1.00', '1.00'];[[2, 2, 2], [2, 2, 2], [2, 2, 2]];[[3, 3, 3], [3, 3, 3], [3, 3, 3], [3, 3, 3]];nnUNet
Task04_Hippocampus;nnUNetPlansfixedisoPatchesInVoxels_plans_3D.pkl;0;9;[3, 3, 3];[40 56 40];['40.00', '56.00', '40.00'];[36 50 35];['36.00', '50.00', '35.00'];['1.00', '1.00', '1.00'];['1.00', '1.00', '1.00'];[[2, 2, 2], [2, 2, 2], [2, 2, 2]];[[3, 3, 3], [3, 3, 3], [3, 3, 3], [3, 3, 3]];nnUNetData_isoPatchesInVoxels
Task04_Hippocampus;nnUNetPlansfixedisoPatchesInmm_plans_3D.pkl;0;9;[3, 3, 3];[40 56 40];['40.00', '56.00', '40.00'];[36 50 35];['36.00', '50.00', '35.00'];['1.00', '1.00', '1.00'];['1.00', '1.00', '1.00'];[[2, 2, 2], [2, 2, 2], [2, 2, 2]];[[3, 3, 3], [3, 3, 3], [3, 3, 3], [3, 3, 3]];nnUNet_isoPatchesInmm
Task04_Hippocampus;nnUNetPlanspoolBasedOnSpacing_plans_3D.pkl;0;9;[3, 3, 3];[40 56 40];['40.00', '56.00', '40.00'];[36 50 35];['36.00', '50.00', '35.00'];['1.00', '1.00', '1.00'];['1.00', '1.00', '1.00'];[[2, 2, 2], [2, 2, 2], [2, 2, 2]];[[3, 3, 3], [3, 3, 3], [3, 3, 3], [3, 3, 3]];nnUNetData_poolBasedOnSpacing
Task04_Hippocampus;nnUNetPlanstargetSpacingForAnisoAxis_plans_3D.pkl;0;9;[3, 3, 3];[40 56 40];['40.00', '56.00', '40.00'];[36 50 35];['36.00', '50.00', '35.00'];['1.00', '1.00', '1.00'];['1.00', '1.00', '1.00'];[[2, 2, 2], [2, 2, 2], [2, 2, 2]];[[3, 3, 3], [3, 3, 3], [3, 3, 3], [3, 3, 3]];nnUNetData_targetSpacingForAnisoAxis

Task05_Prostate;nnUNetPlans_plans_2D.pkl;0;32;[6, 6];[320 320];['1152.00', '200.00'];[ 20 320 319];['72.00', '200.00', '199.38'];['3.60', '0.62', '0.62'];['3.60', '0.62', '0.62'];[[2, 2], [2, 2], [2, 2], [2, 2], [2, 2], [2, 2]];[[3, 3], [3, 3], [3, 3], [3, 3], [3, 3], [3, 3], [3, 3]];nnUNet_2D
Task05_Prostate;nnUNetPlans_plans_3D.pkl;0;2;[2, 6, 6];[ 20 320 256];['72.00', '200.00', '160.00'];[ 20 320 319];['72.00', '200.00', '199.38'];['3.60', '0.62', '0.62'];['3.60', '0.62', '0.62'];[[1, 2, 2], [1, 2, 2], [1, 2, 2], [1, 2, 2], [2, 2, 2], [2, 2, 2]];[[1, 3, 3], [1, 3, 3], [3, 3, 3], [3, 3, 3], [3, 3, 3], [3, 3, 3], [3, 3, 3]];nnUNet
Task05_Prostate;nnUNetPlansallConv3x3_plans_3D.pkl;0;2;[2, 6, 6];[ 20 320 256];['72.00', '200.00', '160.00'];[ 20 320 319];['72.00', '200.00', '199.38'];['3.60', '0.62', '0.62'];['3.60', '0.62', '0.62'];[[1, 2, 2], [1, 2, 2], [1, 2, 2], [1, 2, 2], [2, 2, 2], [2, 2, 2]];[[3, 3, 3], [3, 3, 3], [3, 3, 3], [3, 3, 3], [3, 3, 3], [3, 3, 3], [3, 3, 3]];nnUNet
Task05_Prostate;nnUNetPlansfixed_plans_3D.pkl;0;2;[2, 6, 6];[ 20 320 256];['72.00', '200.00', '160.00'];[ 20 320 319];['72.00', '200.00', '199.38'];['3.60', '0.62', '0.62'];['3.60', '0.62', '0.62'];[[1, 2, 2], [1, 2, 2], [1, 2, 2], [1, 2, 2], [2, 2, 2], [2, 2, 2]];[[1, 3, 3], [1, 3, 3], [3, 3, 3], [3, 3, 3], [3, 3, 3], [3, 3, 3], [3, 3, 3]];nnUNet
Task05_Prostate;nnUNetPlansfixedisoPatchesInVoxels_plans_3D.pkl;0;2;[2, 6, 6];[ 20 320 256];['72.00', '200.00', '160.00'];[ 20 320 319];['72.00', '200.00', '199.38'];['3.60', '0.62', '0.62'];['3.60', '0.62', '0.62'];[[1, 2, 2], [1, 2, 2], [1, 2, 2], [1, 2, 2], [2, 2, 2], [2, 2, 2]];[[1, 3, 3], [1, 3, 3], [3, 3, 3], [3, 3, 3], [3, 3, 3], [3, 3, 3], [3, 3, 3]];nnUNetData_isoPatchesInVoxels
Task05_Prostate;nnUNetPlansfixedisoPatchesInmm_plans_3D.pkl;0;2;[2, 6, 6];[ 20 320 256];['72.00', '200.00', '160.00'];[ 20 320 319];['72.00', '200.00', '199.38'];['3.60', '0.62', '0.62'];['3.60', '0.62', '0.62'];[[1, 2, 2], [1, 2, 2], [1, 2, 2], [1, 2, 2], [2, 2, 2], [2, 2, 2]];[[1, 3, 3], [1, 3, 3], [3, 3, 3], [3, 3, 3], [3, 3, 3], [3, 3, 3], [3, 3, 3]];nnUNet_isoPatchesInmm
Task05_Prostate;nnUNetPlanspoolBasedOnSpacing_plans_3D.pkl;0;2;[2, 6, 6];[ 20 320 256];['72.00', '200.00', '160.00'];[ 20 320 319];['72.00', '200.00', '199.38'];['3.60', '0.62', '0.62'];['3.60', '0.62', '0.62'];[[1, 2, 2], [1, 2, 2], [2, 2, 2], [2, 2, 2], [1, 2, 2], [1, 2, 2]];[[1, 3, 3], [1, 3, 3], [3, 3, 3], [3, 3, 3], [3, 3, 3], [3, 3, 3], [3, 3, 3]];nnUNetData_poolBasedOnSpacing
Task05_Prostate;nnUNetPlanstargetSpacingForAnisoAxis_plans_3D.pkl;0;2;[2, 6, 6];[ 20 320 256];['72.00', '200.00', '160.00'];[ 20 320 319];['72.00', '200.00', '199.38'];['3.60', '0.62', '0.62'];['3.60', '0.62', '0.62'];[[1, 2, 2], [1, 2, 2], [1, 2, 2], [1, 2, 2], [2, 2, 2], [2, 2, 2]];[[1, 3, 3], [1, 3, 3], [3, 3, 3], [3, 3, 3], [3, 3, 3], [3, 3, 3], [3, 3, 3]];nnUNetData_targetSpacingForAnisoAxis

Task06_Lung;nnUNetPlansCT2_plans_3D.pkl;0;2;[4, 5, 5];[ 80 160 160];['199.87', '252.10', '252.10'];[126 255 255];['314.80', '401.78', '401.78'];['2.50', '1.58', '1.58'];['1.24', '0.79', '0.79'];[[1, 2, 2], [2, 2, 2], [2, 2, 2], [2, 2, 2], [2, 2, 2]];[[3, 3, 3], [3, 3, 3], [3, 3, 3], [3, 3, 3], [3, 3, 3], [3, 3, 3]];nnUNet_CT2
Task06_Lung;nnUNetPlansCT2_plans_3D.pkl;1;2;[4, 5, 5];[ 80 160 160];['99.60', '125.62', '125.62'];[252 512 512];['313.73', '402.00', '402.00'];['1.24', '0.79', '0.79'];['1.24', '0.79', '0.79'];[[1, 2, 2], [2, 2, 2], [2, 2, 2], [2, 2, 2], [2, 2, 2]];[[3, 3, 3], [3, 3, 3], [3, 3, 3], [3, 3, 3], [3, 3, 3], [3, 3, 3]];nnUNet_CT2
Task06_Lung;nnUNetPlans_plans_2D.pkl;0;12;[7, 7];[512 512];['637.43', '402.00'];[252 512 512];['313.73', '402.00', '402.00'];['1.24', '0.79', '0.79'];['1.24', '0.79', '0.79'];[[2, 2], [2, 2], [2, 2], [2, 2], [2, 2], [2, 2], [2, 2]];[[3, 3], [3, 3], [3, 3], [3, 3], [3, 3], [3, 3], [3, 3], [3, 3]];nnUNet_2D
Task06_Lung;nnUNetPlans_plans_3D.pkl;0;2;[4, 5, 5];[ 80 160 160];['199.87', '252.10', '252.10'];[126 255 255];['314.80', '401.78', '401.78'];['2.50', '1.58', '1.58'];['1.24', '0.79', '0.79'];[[1, 2, 2], [2, 2, 2], [2, 2, 2], [2, 2, 2], [2, 2, 2]];[[3, 3, 3], [3, 3, 3], [3, 3, 3], [3, 3, 3], [3, 3, 3], [3, 3, 3]];nnUNet
Task06_Lung;nnUNetPlans_plans_3D.pkl;1;2;[4, 5, 5];[ 80 160 160];['99.60', '125.62', '125.62'];[252 512 512];['313.73', '402.00', '402.00'];['1.24', '0.79', '0.79'];['1.24', '0.79', '0.79'];[[1, 2, 2], [2, 2, 2], [2, 2, 2], [2, 2, 2], [2, 2, 2]];[[3, 3, 3], [3, 3, 3], [3, 3, 3], [3, 3, 3], [3, 3, 3], [3, 3, 3]];nnUNet
Task06_Lung;nnUNetPlansallConv3x3_plans_3D.pkl;0;2;[4, 5, 5];[ 80 160 160];['199.87', '252.10', '252.10'];[126 255 255];['314.80', '401.78', '401.78'];['2.50', '1.58', '1.58'];['1.24', '0.79', '0.79'];[[1, 2, 2], [2, 2, 2], [2, 2, 2], [2, 2, 2], [2, 2, 2]];[[3, 3, 3], [3, 3, 3], [3, 3, 3], [3, 3, 3], [3, 3, 3], [3, 3, 3]];nnUNet
Task06_Lung;nnUNetPlansallConv3x3_plans_3D.pkl;1;2;[4, 5, 5];[ 80 160 160];['99.60', '125.62', '125.62'];[252 512 512];['313.73', '402.00', '402.00'];['1.24', '0.79', '0.79'];['1.24', '0.79', '0.79'];[[1, 2, 2], [2, 2, 2], [2, 2, 2], [2, 2, 2], [2, 2, 2]];[[3, 3, 3], [3, 3, 3], [3, 3, 3], [3, 3, 3], [3, 3, 3], [3, 3, 3]];nnUNet
Task06_Lung;nnUNetPlansfixed_plans_3D.pkl;0;2;[4, 5, 5];[ 80 160 160];['199.87', '252.10', '252.10'];[126 255 255];['314.80', '401.78', '401.78'];['2.50', '1.58', '1.58'];['1.24', '0.79', '0.79'];[[1, 2, 2], [2, 2, 2], [2, 2, 2], [2, 2, 2], [2, 2, 2]];[[3, 3, 3], [3, 3, 3], [3, 3, 3], [3, 3, 3], [3, 3, 3], [3, 3, 3]];nnUNet
Task06_Lung;nnUNetPlansfixed_plans_3D.pkl;1;2;[4, 5, 5];[ 80 160 160];['99.60', '125.62', '125.62'];[252 512 512];['313.73', '402.00', '402.00'];['1.24', '0.79', '0.79'];['1.24', '0.79', '0.79'];[[1, 2, 2], [2, 2, 2], [2, 2, 2], [2, 2, 2], [2, 2, 2]];[[3, 3, 3], [3, 3, 3], [3, 3, 3], [3, 3, 3], [3, 3, 3], [3, 3, 3]];nnUNet
Task06_Lung;nnUNetPlansfixedisoPatchesInVoxels_plans_3D.pkl;0;2;[5, 5, 5];[128 128 128];['316.63', '199.68', '199.68'];[127 258 258];['314.15', '402.49', '402.49'];['2.47', '1.56', '1.56'];['1.24', '0.79', '0.79'];[[2, 2, 2], [2, 2, 2], [2, 2, 2], [2, 2, 2], [2, 2, 2]];[[3, 3, 3], [3, 3, 3], [3, 3, 3], [3, 3, 3], [3, 3, 3], [3, 3, 3]];nnUNetData_isoPatchesInVoxels
Task06_Lung;nnUNetPlansfixedisoPatchesInVoxels_plans_3D.pkl;1;2;[5, 5, 5];[128 128 128];['159.36', '100.50', '100.50'];[252 512 512];['313.73', '402.00', '402.00'];['1.24', '0.79', '0.79'];['1.24', '0.79', '0.79'];[[2, 2, 2], [2, 2, 2], [2, 2, 2], [2, 2, 2], [2, 2, 2]];[[3, 3, 3], [3, 3, 3], [3, 3, 3], [3, 3, 3], [3, 3, 3], [3, 3, 3]];nnUNetData_isoPatchesInVoxels
Task06_Lung;nnUNetPlansfixedisoPatchesInmm_plans_3D.pkl;0;2;[4, 5, 5];[ 96 160 128];['244.67', '257.17', '205.73'];[123 250 250];['313.48', '401.82', '401.82'];['2.55', '1.61', '1.61'];['1.24', '0.79', '0.79'];[[1, 2, 2], [2, 2, 2], [2, 2, 2], [2, 2, 2], [2, 2, 2]];[[3, 3, 3], [3, 3, 3], [3, 3, 3], [3, 3, 3], [3, 3, 3], [3, 3, 3]];nnUNet_isoPatchesInmm
Task06_Lung;nnUNetPlansfixedisoPatchesInmm_plans_3D.pkl;1;2;[4, 5, 5];[ 96 160 128];['119.52', '125.62', '100.50'];[252 512 512];['313.73', '402.00', '402.00'];['1.24', '0.79', '0.79'];['1.24', '0.79', '0.79'];[[1, 2, 2], [2, 2, 2], [2, 2, 2], [2, 2, 2], [2, 2, 2]];[[3, 3, 3], [3, 3, 3], [3, 3, 3], [3, 3, 3], [3, 3, 3], [3, 3, 3]];nnUNet_isoPatchesInmm
Task06_Lung;nnUNetPlansnonCT_plans_3D.pkl;0;2;[4, 5, 5];[ 80 160 160];['199.87', '252.10', '252.10'];[126 255 255];['314.80', '401.78', '401.78'];['2.50', '1.58', '1.58'];['1.24', '0.79', '0.79'];[[1, 2, 2], [2, 2, 2], [2, 2, 2], [2, 2, 2], [2, 2, 2]];[[3, 3, 3], [3, 3, 3], [3, 3, 3], [3, 3, 3], [3, 3, 3], [3, 3, 3]];nnUNet_nonCT
Task06_Lung;nnUNetPlansnonCT_plans_3D.pkl;1;2;[4, 5, 5];[ 80 160 160];['99.60', '125.62', '125.62'];[252 512 512];['313.73', '402.00', '402.00'];['1.24', '0.79', '0.79'];['1.24', '0.79', '0.79'];[[1, 2, 2], [2, 2, 2], [2, 2, 2], [2, 2, 2], [2, 2, 2]];[[3, 3, 3], [3, 3, 3], [3, 3, 3], [3, 3, 3], [3, 3, 3], [3, 3, 3]];nnUNet_nonCT
Task06_Lung;nnUNetPlanspoolBasedOnSpacing_plans_3D.pkl;0;2;[4, 5, 5];[ 80 192 160];['188.29', '284.99', '237.49'];[133 271 271];['313.03', '402.25', '402.25'];['2.35', '1.48', '1.48'];['1.24', '0.79', '0.79'];[[2, 2, 2], [2, 2, 2], [2, 2, 2], [2, 2, 2], [1, 2, 2]];[[3, 3, 3], [3, 3, 3], [3, 3, 3], [3, 3, 3], [3, 3, 3], [3, 3, 3]];nnUNetData_poolBasedOnSpacing
Task06_Lung;nnUNetPlanspoolBasedOnSpacing_plans_3D.pkl;1;2;[4, 5, 5];[ 80 192 160];['99.60', '150.75', '125.62'];[252 512 512];['313.73', '402.00', '402.00'];['1.24', '0.79', '0.79'];['1.24', '0.79', '0.79'];[[2, 2, 2], [2, 2, 2], [2, 2, 2], [2, 2, 2], [1, 2, 2]];[[3, 3, 3], [3, 3, 3], [3, 3, 3], [3, 3, 3], [3, 3, 3], [3, 3, 3]];nnUNetData_poolBasedOnSpacing
Task06_Lung;nnUNetPlanstargetSpacingForAnisoAxis_plans_3D.pkl;0;2;[4, 5, 5];[ 80 160 160];['199.87', '252.10', '252.10'];[126 255 255];['314.80', '401.78', '401.78'];['2.50', '1.58', '1.58'];['1.24', '0.79', '0.79'];[[1, 2, 2], [2, 2, 2], [2, 2, 2], [2, 2, 2], [2, 2, 2]];[[3, 3, 3], [3, 3, 3], [3, 3, 3], [3, 3, 3], [3, 3, 3], [3, 3, 3]];nnUNetData_targetSpacingForAnisoAxis
Task06_Lung;nnUNetPlanstargetSpacingForAnisoAxis_plans_3D.pkl;1;2;[4, 5, 5];[ 80 160 160];['99.60', '125.62', '125.62'];[252 512 512];['313.73', '402.00', '402.00'];['1.24', '0.79', '0.79'];['1.24', '0.79', '0.79'];[[1, 2, 2], [2, 2, 2], [2, 2, 2], [2, 2, 2], [2, 2, 2]];[[3, 3, 3], [3, 3, 3], [3, 3, 3], [3, 3, 3], [3, 3, 3], [3, 3, 3]];nnUNetData_targetSpacingForAnisoAxis

Task07_Pancreas;nnUNetPlansCT2_plans_3D.pkl;0;2;[3, 5, 5];[ 56 192 160];['160.93', '277.23', '231.02'];[ 84 285 285];['241.39', '411.51', '411.51'];['2.87', '1.44', '1.44'];['2.50', '0.80', '0.80'];[[1, 2, 2], [1, 2, 2], [2, 2, 2], [2, 2, 2], [2, 2, 2]];[[3, 3, 3], [3, 3, 3], [3, 3, 3], [3, 3, 3], [3, 3, 3], [3, 3, 3]];nnUNet_CT2
Task07_Pancreas;nnUNetPlansCT2_plans_3D.pkl;1;2;[3, 5, 5];[ 40 224 192];['100.00', '179.81', '154.12'];[ 96 512 512];['240.00', '411.00', '411.00'];['2.50', '0.80', '0.80'];['2.50', '0.80', '0.80'];[[1, 2, 2], [1, 2, 2], [2, 2, 2], [2, 2, 2], [2, 2, 2]];[[1, 3, 3], [3, 3, 3], [3, 3, 3], [3, 3, 3], [3, 3, 3], [3, 3, 3]];nnUNet_CT2
Task07_Pancreas;nnUNetPlans_plans_2D.pkl;0;12;[7, 7];[512 512];['1280.00', '411.00'];[ 96 512 512];['240.00', '411.00', '411.00'];['2.50', '0.80', '0.80'];['2.50', '0.80', '0.80'];[[2, 2], [2, 2], [2, 2], [2, 2], [2, 2], [2, 2], [2, 2]];[[3, 3], [3, 3], [3, 3], [3, 3], [3, 3], [3, 3], [3, 3], [3, 3]];nnUNet_2D
Task07_Pancreas;nnUNetPlans_plans_3D.pkl;0;2;[3, 5, 5];[ 56 192 160];['160.93', '277.23', '231.02'];[ 84 285 285];['241.39', '411.51', '411.51'];['2.87', '1.44', '1.44'];['2.50', '0.80', '0.80'];[[1, 2, 2], [1, 2, 2], [2, 2, 2], [2, 2, 2], [2, 2, 2]];[[3, 3, 3], [3, 3, 3], [3, 3, 3], [3, 3, 3], [3, 3, 3], [3, 3, 3]];nnUNet
Task07_Pancreas;nnUNetPlans_plans_3D.pkl;1;2;[3, 5, 5];[ 40 224 192];['100.00', '179.81', '154.12'];[ 96 512 512];['240.00', '411.00', '411.00'];['2.50', '0.80', '0.80'];['2.50', '0.80', '0.80'];[[1, 2, 2], [1, 2, 2], [2, 2, 2], [2, 2, 2], [2, 2, 2]];[[1, 3, 3], [3, 3, 3], [3, 3, 3], [3, 3, 3], [3, 3, 3], [3, 3, 3]];nnUNet
Task07_Pancreas;nnUNetPlansallConv3x3_plans_3D.pkl;0;2;[3, 5, 5];[ 56 192 160];['160.93', '277.23', '231.02'];[ 84 285 285];['241.39', '411.51', '411.51'];['2.87', '1.44', '1.44'];['2.50', '0.80', '0.80'];[[1, 2, 2], [1, 2, 2], [2, 2, 2], [2, 2, 2], [2, 2, 2]];[[3, 3, 3], [3, 3, 3], [3, 3, 3], [3, 3, 3], [3, 3, 3], [3, 3, 3]];nnUNet
Task07_Pancreas;nnUNetPlansallConv3x3_plans_3D.pkl;1;2;[3, 5, 5];[ 40 224 192];['100.00', '179.81', '154.12'];[ 96 512 512];['240.00', '411.00', '411.00'];['2.50', '0.80', '0.80'];['2.50', '0.80', '0.80'];[[1, 2, 2], [1, 2, 2], [2, 2, 2], [2, 2, 2], [2, 2, 2]];[[3, 3, 3], [3, 3, 3], [3, 3, 3], [3, 3, 3], [3, 3, 3], [3, 3, 3]];nnUNet
Task07_Pancreas;nnUNetPlansfixed_plans_3D.pkl;0;2;[3, 5, 5];[ 56 192 160];['160.93', '277.23', '231.02'];[ 84 285 285];['241.39', '411.51', '411.51'];['2.87', '1.44', '1.44'];['2.50', '0.80', '0.80'];[[1, 2, 2], [1, 2, 2], [2, 2, 2], [2, 2, 2], [2, 2, 2]];[[3, 3, 3], [3, 3, 3], [3, 3, 3], [3, 3, 3], [3, 3, 3], [3, 3, 3]];nnUNet
Task07_Pancreas;nnUNetPlansfixed_plans_3D.pkl;1;2;[3, 5, 5];[ 40 224 192];['100.00', '179.81', '154.12'];[ 96 512 512];['240.00', '411.00', '411.00'];['2.50', '0.80', '0.80'];['2.50', '0.80', '0.80'];[[1, 2, 2], [1, 2, 2], [2, 2, 2], [2, 2, 2], [2, 2, 2]];[[1, 3, 3], [3, 3, 3], [3, 3, 3], [3, 3, 3], [3, 3, 3], [3, 3, 3]];nnUNet
Task07_Pancreas;nnUNetPlansfixedisoPatchesInVoxels_plans_3D.pkl;0;2;[4, 5, 5];[ 96 160 128];['262.48', '219.81', '175.85'];[ 88 299 299];['240.61', '410.77', '410.77'];['2.73', '1.37', '1.37'];['2.50', '0.80', '0.80'];[[1, 2, 2], [2, 2, 2], [2, 2, 2], [2, 2, 2], [2, 2, 2]];[[3, 3, 3], [3, 3, 3], [3, 3, 3], [3, 3, 3], [3, 3, 3], [3, 3, 3]];nnUNetData_isoPatchesInVoxels
Task07_Pancreas;nnUNetPlansfixedisoPatchesInVoxels_plans_3D.pkl;1;2;[4, 5, 5];[ 96 160 128];['240.00', '128.44', '102.75'];[ 96 512 512];['240.00', '411.00', '411.00'];['2.50', '0.80', '0.80'];['2.50', '0.80', '0.80'];[[1, 2, 2], [2, 2, 2], [2, 2, 2], [2, 2, 2], [2, 2, 2]];[[1, 3, 3], [3, 3, 3], [3, 3, 3], [3, 3, 3], [3, 3, 3], [3, 3, 3]];nnUNetData_isoPatchesInVoxels
Task07_Pancreas;nnUNetPlansfixedisoPatchesInmm_plans_3D.pkl;0;2;[4, 5, 5];[ 80 160 160];['229.89', '231.02', '231.02'];[ 84 285 285];['241.39', '411.51', '411.51'];['2.87', '1.44', '1.44'];['2.50', '0.80', '0.80'];[[1, 2, 2], [2, 2, 2], [2, 2, 2], [2, 2, 2], [2, 2, 2]];[[3, 3, 3], [3, 3, 3], [3, 3, 3], [3, 3, 3], [3, 3, 3], [3, 3, 3]];nnUNet_isoPatchesInmm
Task07_Pancreas;nnUNetPlansfixedisoPatchesInmm_plans_3D.pkl;1;2;[3, 5, 5];[ 56 192 160];['140.00', '154.12', '128.44'];[ 96 512 512];['240.00', '411.00', '411.00'];['2.50', '0.80', '0.80'];['2.50', '0.80', '0.80'];[[1, 2, 2], [1, 2, 2], [2, 2, 2], [2, 2, 2], [2, 2, 2]];[[1, 3, 3], [3, 3, 3], [3, 3, 3], [3, 3, 3], [3, 3, 3], [3, 3, 3]];nnUNet_isoPatchesInmm
Task07_Pancreas;nnUNetPlansnonCT_plans_3D.pkl;0;2;[3, 5, 5];[ 56 192 160];['160.93', '277.23', '231.02'];[ 84 285 285];['241.39', '411.51', '411.51'];['2.87', '1.44', '1.44'];['2.50', '0.80', '0.80'];[[1, 2, 2], [1, 2, 2], [2, 2, 2], [2, 2, 2], [2, 2, 2]];[[3, 3, 3], [3, 3, 3], [3, 3, 3], [3, 3, 3], [3, 3, 3], [3, 3, 3]];nnUNet_nonCT
Task07_Pancreas;nnUNetPlansnonCT_plans_3D.pkl;1;2;[3, 5, 5];[ 40 224 192];['100.00', '179.81', '154.12'];[ 96 512 512];['240.00', '411.00', '411.00'];['2.50', '0.80', '0.80'];['2.50', '0.80', '0.80'];[[1, 2, 2], [1, 2, 2], [2, 2, 2], [2, 2, 2], [2, 2, 2]];[[1, 3, 3], [3, 3, 3], [3, 3, 3], [3, 3, 3], [3, 3, 3], [3, 3, 3]];nnUNet_nonCT
Task07_Pancreas;nnUNetPlanspoolBasedOnSpacing_plans_3D.pkl;0;2;[4, 5, 5];[ 64 192 192];['173.26', '261.16', '261.16'];[ 89 302 302];['240.94', '410.78', '410.78'];['2.71', '1.36', '1.36'];['2.50', '0.80', '0.80'];[[2, 2, 2], [2, 2, 2], [2, 2, 2], [2, 2, 2], [1, 2, 2]];[[3, 3, 3], [3, 3, 3], [3, 3, 3], [3, 3, 3], [3, 3, 3], [3, 3, 3]];nnUNetData_poolBasedOnSpacing
Task07_Pancreas;nnUNetPlanspoolBasedOnSpacing_plans_3D.pkl;1;2;[3, 5, 5];[ 40 224 224];['100.00', '179.81', '179.81'];[ 96 512 512];['240.00', '411.00', '411.00'];['2.50', '0.80', '0.80'];['2.50', '0.80', '0.80'];[[1, 2, 2], [2, 2, 2], [2, 2, 2], [2, 2, 2], [1, 2, 2]];[[1, 3, 3], [3, 3, 3], [3, 3, 3], [3, 3, 3], [3, 3, 3], [3, 3, 3]];nnUNetData_poolBasedOnSpacing
Task07_Pancreas;nnUNetPlanstargetSpacingForAnisoAxis_plans_3D.pkl;0;2;[3, 5, 5];[ 56 192 160];['160.93', '277.23', '231.02'];[ 84 285 285];['241.39', '411.51', '411.51'];['2.87', '1.44', '1.44'];['2.50', '0.80', '0.80'];[[1, 2, 2], [1, 2, 2], [2, 2, 2], [2, 2, 2], [2, 2, 2]];[[3, 3, 3], [3, 3, 3], [3, 3, 3], [3, 3, 3], [3, 3, 3], [3, 3, 3]];nnUNetData_targetSpacingForAnisoAxis
Task07_Pancreas;nnUNetPlanstargetSpacingForAnisoAxis_plans_3D.pkl;1;2;[3, 5, 5];[ 40 224 192];['100.00', '179.81', '154.12'];[ 96 512 512];['240.00', '411.00', '411.00'];['2.50', '0.80', '0.80'];['2.50', '0.80', '0.80'];[[1, 2, 2], [1, 2, 2], [2, 2, 2], [2, 2, 2], [2, 2, 2]];[[1, 3, 3], [3, 3, 3], [3, 3, 3], [3, 3, 3], [3, 3, 3], [3, 3, 3]];nnUNetData_targetSpacingForAnisoAxis

Task08_HepaticVessel;nnUNetPlansCT2_plans_3D.pkl;0;2;[2, 6, 6];[ 24 256 256];['120.00', '204.50', '204.50'];[ 45 512 512];['225.00', '409.00', '409.00'];['5.00', '0.80', '0.80'];['5.00', '0.80', '0.80'];[[1, 2, 2], [1, 2, 2], [1, 2, 2], [1, 2, 2], [2, 2, 2], [2, 2, 2]];[[1, 3, 3], [1, 3, 3], [3, 3, 3], [3, 3, 3], [3, 3, 3], [3, 3, 3], [3, 3, 3]];nnUNet_CT2
Task08_HepaticVessel;nnUNetPlans_plans_2D.pkl;0;12;[7, 7];[512 512];['2560.00', '409.00'];[ 45 512 512];['225.00', '409.00', '409.00'];['5.00', '0.80', '0.80'];['5.00', '0.80', '0.80'];[[2, 2], [2, 2], [2, 2], [2, 2], [2, 2], [2, 2], [2, 2]];[[3, 3], [3, 3], [3, 3], [3, 3], [3, 3], [3, 3], [3, 3], [3, 3]];nnUNet_2D
Task08_HepaticVessel;nnUNetPlans_plans_3D.pkl;0;2;[3, 5, 5];[ 32 224 224];['160.00', '256.02', '256.02'];[ 45 358 358];['225.00', '409.17', '409.17'];['5.00', '1.14', '1.14'];['5.00', '0.80', '0.80'];[[1, 2, 2], [1, 2, 2], [2, 2, 2], [2, 2, 2], [2, 2, 2]];[[1, 3, 3], [1, 3, 3], [3, 3, 3], [3, 3, 3], [3, 3, 3], [3, 3, 3]];nnUNet
Task08_HepaticVessel;nnUNetPlans_plans_3D.pkl;1;2;[2, 6, 6];[ 24 256 256];['120.00', '204.50', '204.50'];[ 45 512 512];['225.00', '409.00', '409.00'];['5.00', '0.80', '0.80'];['5.00', '0.80', '0.80'];[[1, 2, 2], [1, 2, 2], [1, 2, 2], [1, 2, 2], [2, 2, 2], [2, 2, 2]];[[1, 3, 3], [1, 3, 3], [3, 3, 3], [3, 3, 3], [3, 3, 3], [3, 3, 3], [3, 3, 3]];nnUNet
Task08_HepaticVessel;nnUNetPlansallConv3x3_plans_3D.pkl;0;2;[2, 6, 6];[ 24 256 256];['120.00', '204.50', '204.50'];[ 45 512 512];['225.00', '409.00', '409.00'];['5.00', '0.80', '0.80'];['5.00', '0.80', '0.80'];[[1, 2, 2], [1, 2, 2], [1, 2, 2], [1, 2, 2], [2, 2, 2], [2, 2, 2]];[[3, 3, 3], [3, 3, 3], [3, 3, 3], [3, 3, 3], [3, 3, 3], [3, 3, 3], [3, 3, 3]];nnUNet
Task08_HepaticVessel;nnUNetPlansfixed_plans_3D.pkl;0;2;[2, 6, 6];[ 24 256 256];['120.00', '204.50', '204.50'];[ 45 512 512];['225.00', '409.00', '409.00'];['5.00', '0.80', '0.80'];['5.00', '0.80', '0.80'];[[1, 2, 2], [1, 2, 2], [1, 2, 2], [1, 2, 2], [2, 2, 2], [2, 2, 2]];[[1, 3, 3], [1, 3, 3], [3, 3, 3], [3, 3, 3], [3, 3, 3], [3, 3, 3], [3, 3, 3]];nnUNet
Task08_HepaticVessel;nnUNetPlansfixedisoPatchesInVoxels_plans_3D.pkl;0;2;[3, 5, 5];[ 48 192 192];['240.00', '153.37', '153.37'];[ 45 512 512];['225.00', '409.00', '409.00'];['5.00', '0.80', '0.80'];['5.00', '0.80', '0.80'];[[1, 2, 2], [1, 2, 2], [2, 2, 2], [2, 2, 2], [2, 2, 2]];[[1, 3, 3], [1, 3, 3], [3, 3, 3], [3, 3, 3], [3, 3, 3], [3, 3, 3]];nnUNetData_isoPatchesInVoxels
Task08_HepaticVessel;nnUNetPlansfixedisoPatchesInmm_plans_3D.pkl;0;2;[3, 5, 5];[ 32 224 224];['160.00', '178.94', '178.94'];[ 45 512 512];['225.00', '409.00', '409.00'];['5.00', '0.80', '0.80'];['5.00', '0.80', '0.80'];[[1, 2, 2], [1, 2, 2], [2, 2, 2], [2, 2, 2], [2, 2, 2]];[[1, 3, 3], [1, 3, 3], [3, 3, 3], [3, 3, 3], [3, 3, 3], [3, 3, 3]];nnUNet_isoPatchesInmm
Task08_HepaticVessel;nnUNetPlansnonCT_plans_3D.pkl;0;2;[2, 6, 6];[ 24 256 256];['120.00', '204.50', '204.50'];[ 45 512 512];['225.00', '409.00', '409.00'];['5.00', '0.80', '0.80'];['5.00', '0.80', '0.80'];[[1, 2, 2], [1, 2, 2], [1, 2, 2], [1, 2, 2], [2, 2, 2], [2, 2, 2]];[[1, 3, 3], [1, 3, 3], [3, 3, 3], [3, 3, 3], [3, 3, 3], [3, 3, 3], [3, 3, 3]];nnUNet_nonCT
Task08_HepaticVessel;nnUNetPlanspoolBasedOnSpacing_plans_3D.pkl;0;2;[2, 6, 6];[ 28 256 256];['140.00', '204.50', '204.50'];[ 45 512 512];['225.00', '409.00', '409.00'];['5.00', '0.80', '0.80'];['5.00', '0.80', '0.80'];[[1, 2, 2], [1, 2, 2], [2, 2, 2], [2, 2, 2], [1, 2, 2], [1, 2, 2]];[[1, 3, 3], [1, 3, 3], [3, 3, 3], [3, 3, 3], [3, 3, 3], [3, 3, 3], [3, 3, 3]];nnUNetData_poolBasedOnSpacing
Task08_HepaticVessel;nnUNetPlanstargetSpacingForAnisoAxis_plans_3D.pkl;0;2;[3, 5, 5];[ 48 192 192];['129.51', '275.88', '275.88'];[ 83 285 285];['223.94', '409.50', '409.50'];['2.70', '1.44', '1.44'];['1.50', '0.80', '0.80'];[[1, 2, 2], [1, 2, 2], [2, 2, 2], [2, 2, 2], [2, 2, 2]];[[3, 3, 3], [3, 3, 3], [3, 3, 3], [3, 3, 3], [3, 3, 3], [3, 3, 3]];nnUNetData_targetSpacingForAnisoAxis
Task08_HepaticVessel;nnUNetPlanstargetSpacingForAnisoAxis_plans_3D.pkl;1;2;[3, 5, 5];[ 56 192 160];['84.00', '153.37', '127.81'];[150 512 512];['225.00', '409.00', '409.00'];['1.50', '0.80', '0.80'];['1.50', '0.80', '0.80'];[[1, 2, 2], [1, 2, 2], [2, 2, 2], [2, 2, 2], [2, 2, 2]];[[3, 3, 3], [3, 3, 3], [3, 3, 3], [3, 3, 3], [3, 3, 3], [3, 3, 3]];nnUNetData_targetSpacingForAnisoAxis

Task09_Spleen;nnUNetPlansCT2_plans_3D.pkl;0;2;[3, 5, 5];[ 40 224 192];['200.00', '298.00', '255.43'];[ 60 305 305];['300.00', '405.76', '405.76'];['5.00', '1.33', '1.33'];['5.00', '0.79', '0.79'];[[1, 2, 2], [1, 2, 2], [2, 2, 2], [2, 2, 2], [2, 2, 2]];[[1, 3, 3], [3, 3, 3], [3, 3, 3], [3, 3, 3], [3, 3, 3], [3, 3, 3]];nnUNet_CT2
Task09_Spleen;nnUNetPlansCT2_plans_3D.pkl;1;2;[2, 5, 5];[ 28 224 224];['140.00', '177.63', '177.63'];[ 60 512 512];['300.00', '406.00', '406.00'];['5.00', '0.79', '0.79'];['5.00', '0.79', '0.79'];[[1, 2, 2], [1, 2, 2], [1, 2, 2], [2, 2, 2], [2, 2, 2]];[[1, 3, 3], [1, 3, 3], [3, 3, 3], [3, 3, 3], [3, 3, 3], [3, 3, 3]];nnUNet_CT2
Task09_Spleen;nnUNetPlans_plans_2D.pkl;0;12;[7, 7];[512 512];['2560.00', '406.00'];[ 60 512 512];['300.00', '406.00', '406.00'];['5.00', '0.79', '0.79'];['5.00', '0.79', '0.79'];[[2, 2], [2, 2], [2, 2], [2, 2], [2, 2], [2, 2], [2, 2]];[[3, 3], [3, 3], [3, 3], [3, 3], [3, 3], [3, 3], [3, 3], [3, 3]];nnUNet_2D
Task09_Spleen;nnUNetPlans_plans_3D.pkl;0;2;[3, 5, 5];[ 40 224 192];['200.00', '272.47', '233.55'];[ 60 334 334];['300.00', '406.28', '406.28'];['5.00', '1.22', '1.22'];['5.00', '0.79', '0.79'];[[1, 2, 2], [1, 2, 2], [2, 2, 2], [2, 2, 2], [2, 2, 2]];[[1, 3, 3], [1, 3, 3], [3, 3, 3], [3, 3, 3], [3, 3, 3], [3, 3, 3]];nnUNet
Task09_Spleen;nnUNetPlans_plans_3D.pkl;1;2;[2, 5, 5];[ 28 224 224];['140.00', '177.63', '177.63'];[ 60 512 512];['300.00', '406.00', '406.00'];['5.00', '0.79', '0.79'];['5.00', '0.79', '0.79'];[[1, 2, 2], [1, 2, 2], [1, 2, 2], [2, 2, 2], [2, 2, 2]];[[1, 3, 3], [1, 3, 3], [3, 3, 3], [3, 3, 3], [3, 3, 3], [3, 3, 3]];nnUNet
Task09_Spleen;nnUNetPlansallConv3x3_plans_3D.pkl;0;2;[3, 5, 5];[ 40 224 192];['200.00', '298.00', '255.43'];[ 60 305 305];['300.00', '405.76', '405.76'];['5.00', '1.33', '1.33'];['5.00', '0.79', '0.79'];[[1, 2, 2], [1, 2, 2], [2, 2, 2], [2, 2, 2], [2, 2, 2]];[[3, 3, 3], [3, 3, 3], [3, 3, 3], [3, 3, 3], [3, 3, 3], [3, 3, 3]];nnUNet
Task09_Spleen;nnUNetPlansallConv3x3_plans_3D.pkl;1;2;[2, 5, 5];[ 28 224 224];['140.00', '177.63', '177.63'];[ 60 512 512];['300.00', '406.00', '406.00'];['5.00', '0.79', '0.79'];['5.00', '0.79', '0.79'];[[1, 2, 2], [1, 2, 2], [1, 2, 2], [2, 2, 2], [2, 2, 2]];[[3, 3, 3], [3, 3, 3], [3, 3, 3], [3, 3, 3], [3, 3, 3], [3, 3, 3]];nnUNet
Task09_Spleen;nnUNetPlansfixed_plans_3D.pkl;0;2;[3, 5, 5];[ 40 224 192];['200.00', '298.00', '255.43'];[ 60 305 305];['300.00', '405.76', '405.76'];['5.00', '1.33', '1.33'];['5.00', '0.79', '0.79'];[[1, 2, 2], [1, 2, 2], [2, 2, 2], [2, 2, 2], [2, 2, 2]];[[1, 3, 3], [3, 3, 3], [3, 3, 3], [3, 3, 3], [3, 3, 3], [3, 3, 3]];nnUNet
Task09_Spleen;nnUNetPlansfixed_plans_3D.pkl;1;2;[2, 5, 5];[ 28 224 224];['140.00', '177.63', '177.63'];[ 60 512 512];['300.00', '406.00', '406.00'];['5.00', '0.79', '0.79'];['5.00', '0.79', '0.79'];[[1, 2, 2], [1, 2, 2], [1, 2, 2], [2, 2, 2], [2, 2, 2]];[[1, 3, 3], [1, 3, 3], [3, 3, 3], [3, 3, 3], [3, 3, 3], [3, 3, 3]];nnUNet
Task09_Spleen;nnUNetPlansfixedisoPatchesInVoxels_plans_3D.pkl;0;2;[4, 5, 5];[ 64 192 160];['320.00', '215.68', '179.73'];[ 60 361 361];['300.00', '405.52', '405.52'];['5.00', '1.12', '1.12'];['5.00', '0.79', '0.79'];[[1, 2, 2], [2, 2, 2], [2, 2, 2], [2, 2, 2], [2, 2, 2]];[[1, 3, 3], [1, 3, 3], [3, 3, 3], [3, 3, 3], [3, 3, 3], [3, 3, 3]];nnUNetData_isoPatchesInVoxels
Task09_Spleen;nnUNetPlansfixedisoPatchesInVoxels_plans_3D.pkl;1;2;[4, 5, 5];[ 64 192 160];['320.00', '152.25', '126.88'];[ 60 512 512];['300.00', '406.00', '406.00'];['5.00', '0.79', '0.79'];['5.00', '0.79', '0.79'];[[1, 2, 2], [2, 2, 2], [2, 2, 2], [2, 2, 2], [2, 2, 2]];[[1, 3, 3], [1, 3, 3], [3, 3, 3], [3, 3, 3], [3, 3, 3], [3, 3, 3]];nnUNetData_isoPatchesInVoxels
Task09_Spleen;nnUNetPlansfixedisoPatchesInmm_plans_3D.pkl;0;2;[3, 5, 5];[ 48 192 192];['240.00', '238.24', '238.24'];[ 60 327 327];['300.00', '405.76', '405.76'];['5.00', '1.24', '1.24'];['5.00', '0.79', '0.79'];[[1, 2, 2], [1, 2, 2], [2, 2, 2], [2, 2, 2], [2, 2, 2]];[[1, 3, 3], [1, 3, 3], [3, 3, 3], [3, 3, 3], [3, 3, 3], [3, 3, 3]];nnUNet_isoPatchesInmm
Task09_Spleen;nnUNetPlansfixedisoPatchesInmm_plans_3D.pkl;1;2;[3, 5, 5];[ 32 224 224];['160.00', '177.63', '177.63'];[ 60 512 512];['300.00', '406.00', '406.00'];['5.00', '0.79', '0.79'];['5.00', '0.79', '0.79'];[[1, 2, 2], [1, 2, 2], [2, 2, 2], [2, 2, 2], [2, 2, 2]];[[1, 3, 3], [1, 3, 3], [3, 3, 3], [3, 3, 3], [3, 3, 3], [3, 3, 3]];nnUNet_isoPatchesInmm
Task09_Spleen;nnUNetPlansnonCT_plans_3D.pkl;0;2;[3, 5, 5];[ 40 224 192];['200.00', '298.00', '255.43'];[ 60 305 305];['300.00', '405.76', '405.76'];['5.00', '1.33', '1.33'];['5.00', '0.79', '0.79'];[[1, 2, 2], [1, 2, 2], [2, 2, 2], [2, 2, 2], [2, 2, 2]];[[1, 3, 3], [3, 3, 3], [3, 3, 3], [3, 3, 3], [3, 3, 3], [3, 3, 3]];nnUNet_nonCT
Task09_Spleen;nnUNetPlansnonCT_plans_3D.pkl;1;2;[2, 5, 5];[ 28 224 224];['140.00', '177.63', '177.63'];[ 60 512 512];['300.00', '406.00', '406.00'];['5.00', '0.79', '0.79'];['5.00', '0.79', '0.79'];[[1, 2, 2], [1, 2, 2], [1, 2, 2], [2, 2, 2], [2, 2, 2]];[[1, 3, 3], [1, 3, 3], [3, 3, 3], [3, 3, 3], [3, 3, 3], [3, 3, 3]];nnUNet_nonCT
Task09_Spleen;nnUNetPlanspoolBasedOnSpacing_plans_3D.pkl;0;2;[3, 5, 5];[ 32 224 224];['160.00', '261.84', '261.84'];[ 60 347 347];['300.00', '405.62', '405.62'];['5.00', '1.17', '1.17'];['5.00', '0.79', '0.79'];[[1, 2, 2], [1, 2, 2], [2, 2, 2], [2, 2, 2], [2, 2, 2]];[[1, 3, 3], [1, 3, 3], [3, 3, 3], [3, 3, 3], [3, 3, 3], [3, 3, 3]];nnUNetData_poolBasedOnSpacing
Task09_Spleen;nnUNetPlanspoolBasedOnSpacing_plans_3D.pkl;1;2;[2, 6, 6];[ 28 256 256];['140.00', '203.00', '203.00'];[ 60 512 512];['300.00', '406.00', '406.00'];['5.00', '0.79', '0.79'];['5.00', '0.79', '0.79'];[[1, 2, 2], [1, 2, 2], [2, 2, 2], [2, 2, 2], [1, 2, 2], [1, 2, 2]];[[1, 3, 3], [1, 3, 3], [3, 3, 3], [3, 3, 3], [3, 3, 3], [3, 3, 3], [3, 3, 3]];nnUNetData_poolBasedOnSpacing
Task09_Spleen;nnUNetPlanstargetSpacingForAnisoAxis_plans_3D.pkl;0;2;[4, 5, 5];[ 64 192 160];['187.89', '282.15', '235.13'];[102 276 276];['299.45', '405.59', '405.59'];['2.94', '1.47', '1.47'];['1.60', '0.79', '0.79'];[[1, 2, 2], [2, 2, 2], [2, 2, 2], [2, 2, 2], [2, 2, 2]];[[3, 3, 3], [3, 3, 3], [3, 3, 3], [3, 3, 3], [3, 3, 3], [3, 3, 3]];nnUNetData_targetSpacingForAnisoAxis
Task09_Spleen;nnUNetPlanstargetSpacingForAnisoAxis_plans_3D.pkl;1;2;[4, 5, 5];[ 64 192 160];['102.40', '152.25', '126.88'];[187 512 512];['299.20', '406.00', '406.00'];['1.60', '0.79', '0.79'];['1.60', '0.79', '0.79'];[[1, 2, 2], [2, 2, 2], [2, 2, 2], [2, 2, 2], [2, 2, 2]];[[1, 3, 3], [3, 3, 3], [3, 3, 3], [3, 3, 3], [3, 3, 3], [3, 3, 3]];nnUNetData_targetSpacingForAnisoAxis

Task10_Colon;nnUNetPlansCT2_plans_3D.pkl;0;2;[4, 5, 5];[ 64 192 160];['320.00', '289.27', '241.06'];[ 90 265 265];['450.00', '399.25', '399.25'];['5.00', '1.51', '1.51'];['5.00', '0.78', '0.78'];[[1, 2, 2], [2, 2, 2], [2, 2, 2], [2, 2, 2], [2, 2, 2]];[[1, 3, 3], [3, 3, 3], [3, 3, 3], [3, 3, 3], [3, 3, 3], [3, 3, 3]];nnUNet_CT2
Task10_Colon;nnUNetPlansCT2_plans_3D.pkl;1;2;[3, 5, 5];[ 32 224 224];['160.00', '175.00', '175.00'];[ 90 512 512];['450.00', '400.00', '400.00'];['5.00', '0.78', '0.78'];['5.00', '0.78', '0.78'];[[1, 2, 2], [1, 2, 2], [2, 2, 2], [2, 2, 2], [2, 2, 2]];[[1, 3, 3], [1, 3, 3], [3, 3, 3], [3, 3, 3], [3, 3, 3], [3, 3, 3]];nnUNet_CT2
Task10_Colon;nnUNetPlans_plans_2D.pkl;0;12;[7, 7];[512 512];['2560.00', '400.00'];[ 90 512 512];['450.00', '400.00', '400.00'];['5.00', '0.78', '0.78'];['5.00', '0.78', '0.78'];[[2, 2], [2, 2], [2, 2], [2, 2], [2, 2], [2, 2], [2, 2]];[[3, 3], [3, 3], [3, 3], [3, 3], [3, 3], [3, 3], [3, 3], [3, 3]];nnUNet_2D
Task10_Colon;nnUNetPlans_plans_3D.pkl;0;2;[3, 5, 5];[ 56 192 160];['280.00', '277.98', '231.65'];[ 90 276 276];['450.00', '399.60', '399.60'];['5.00', '1.45', '1.45'];['5.00', '0.78', '0.78'];[[1, 2, 2], [1, 2, 2], [2, 2, 2], [2, 2, 2], [2, 2, 2]];[[1, 3, 3], [3, 3, 3], [3, 3, 3], [3, 3, 3], [3, 3, 3], [3, 3, 3]];nnUNet
Task10_Colon;nnUNetPlans_plans_3D.pkl;1;2;[3, 5, 5];[ 32 224 224];['160.00', '175.00', '175.00'];[ 90 512 512];['450.00', '400.00', '400.00'];['5.00', '0.78', '0.78'];['5.00', '0.78', '0.78'];[[1, 2, 2], [1, 2, 2], [2, 2, 2], [2, 2, 2], [2, 2, 2]];[[1, 3, 3], [1, 3, 3], [3, 3, 3], [3, 3, 3], [3, 3, 3], [3, 3, 3]];nnUNet
Task10_Colon;nnUNetPlansallConv3x3_plans_3D.pkl;0;2;[4, 5, 5];[ 64 192 160];['320.00', '289.27', '241.06'];[ 90 265 265];['450.00', '399.25', '399.25'];['5.00', '1.51', '1.51'];['5.00', '0.78', '0.78'];[[1, 2, 2], [2, 2, 2], [2, 2, 2], [2, 2, 2], [2, 2, 2]];[[3, 3, 3], [3, 3, 3], [3, 3, 3], [3, 3, 3], [3, 3, 3], [3, 3, 3]];nnUNet
Task10_Colon;nnUNetPlansallConv3x3_plans_3D.pkl;1;2;[3, 5, 5];[ 32 224 224];['160.00', '175.00', '175.00'];[ 90 512 512];['450.00', '400.00', '400.00'];['5.00', '0.78', '0.78'];['5.00', '0.78', '0.78'];[[1, 2, 2], [1, 2, 2], [2, 2, 2], [2, 2, 2], [2, 2, 2]];[[3, 3, 3], [3, 3, 3], [3, 3, 3], [3, 3, 3], [3, 3, 3], [3, 3, 3]];nnUNet
Task10_Colon;nnUNetPlansfixed_plans_3D.pkl;0;2;[4, 5, 5];[ 64 192 160];['320.00', '289.27', '241.06'];[ 90 265 265];['450.00', '399.25', '399.25'];['5.00', '1.51', '1.51'];['5.00', '0.78', '0.78'];[[1, 2, 2], [2, 2, 2], [2, 2, 2], [2, 2, 2], [2, 2, 2]];[[1, 3, 3], [3, 3, 3], [3, 3, 3], [3, 3, 3], [3, 3, 3], [3, 3, 3]];nnUNet
Task10_Colon;nnUNetPlansfixed_plans_3D.pkl;1;2;[3, 5, 5];[ 32 224 224];['160.00', '175.00', '175.00'];[ 90 512 512];['450.00', '400.00', '400.00'];['5.00', '0.78', '0.78'];['5.00', '0.78', '0.78'];[[1, 2, 2], [1, 2, 2], [2, 2, 2], [2, 2, 2], [2, 2, 2]];[[1, 3, 3], [1, 3, 3], [3, 3, 3], [3, 3, 3], [3, 3, 3], [3, 3, 3]];nnUNet
Task10_Colon;nnUNetPlansfixedisoPatchesInVoxels_plans_3D.pkl;0;2;[4, 5, 5];[ 96 160 128];['480.00', '218.23', '174.58'];[ 90 293 293];['450.00', '399.63', '399.63'];['5.00', '1.36', '1.36'];['5.00', '0.78', '0.78'];[[1, 2, 2], [2, 2, 2], [2, 2, 2], [2, 2, 2], [2, 2, 2]];[[1, 3, 3], [3, 3, 3], [3, 3, 3], [3, 3, 3], [3, 3, 3], [3, 3, 3]];nnUNetData_isoPatchesInVoxels
Task10_Colon;nnUNetPlansfixedisoPatchesInVoxels_plans_3D.pkl;1;2;[4, 5, 5];[ 96 160 128];['480.00', '125.00', '100.00'];[ 90 512 512];['450.00', '400.00', '400.00'];['5.00', '0.78', '0.78'];['5.00', '0.78', '0.78'];[[1, 2, 2], [2, 2, 2], [2, 2, 2], [2, 2, 2], [2, 2, 2]];[[1, 3, 3], [1, 3, 3], [3, 3, 3], [3, 3, 3], [3, 3, 3], [3, 3, 3]];nnUNetData_isoPatchesInVoxels
Task10_Colon;nnUNetPlansfixedisoPatchesInmm_plans_3D.pkl;0;2;[3, 5, 5];[ 56 192 160];['280.00', '289.27', '241.06'];[ 90 265 265];['450.00', '399.25', '399.25'];['5.00', '1.51', '1.51'];['5.00', '0.78', '0.78'];[[1, 2, 2], [1, 2, 2], [2, 2, 2], [2, 2, 2], [2, 2, 2]];[[1, 3, 3], [3, 3, 3], [3, 3, 3], [3, 3, 3], [3, 3, 3], [3, 3, 3]];nnUNet_isoPatchesInmm
Task10_Colon;nnUNetPlansfixedisoPatchesInmm_plans_3D.pkl;1;2;[3, 5, 5];[ 32 224 224];['160.00', '175.00', '175.00'];[ 90 512 512];['450.00', '400.00', '400.00'];['5.00', '0.78', '0.78'];['5.00', '0.78', '0.78'];[[1, 2, 2], [1, 2, 2], [2, 2, 2], [2, 2, 2], [2, 2, 2]];[[1, 3, 3], [1, 3, 3], [3, 3, 3], [3, 3, 3], [3, 3, 3], [3, 3, 3]];nnUNet_isoPatchesInmm
Task10_Colon;nnUNetPlansnonCT_plans_3D.pkl;0;2;[4, 5, 5];[ 64 192 160];['320.00', '289.27', '241.06'];[ 90 265 265];['450.00', '399.25', '399.25'];['5.00', '1.51', '1.51'];['5.00', '0.78', '0.78'];[[1, 2, 2], [2, 2, 2], [2, 2, 2], [2, 2, 2], [2, 2, 2]];[[1, 3, 3], [3, 3, 3], [3, 3, 3], [3, 3, 3], [3, 3, 3], [3, 3, 3]];nnUNet_nonCT
Task10_Colon;nnUNetPlansnonCT_plans_3D.pkl;1;2;[3, 5, 5];[ 32 224 224];['160.00', '175.00', '175.00'];[ 90 512 512];['450.00', '400.00', '400.00'];['5.00', '0.78', '0.78'];['5.00', '0.78', '0.78'];[[1, 2, 2], [1, 2, 2], [2, 2, 2], [2, 2, 2], [2, 2, 2]];[[1, 3, 3], [1, 3, 3], [3, 3, 3], [3, 3, 3], [3, 3, 3], [3, 3, 3]];nnUNet_nonCT
Task10_Colon;nnUNetPlanspoolBasedOnSpacing_plans_3D.pkl;0;2;[4, 5, 5];[ 64 192 160];['320.00', '289.27', '241.06'];[ 90 265 265];['450.00', '399.25', '399.25'];['5.00', '1.51', '1.51'];['5.00', '0.78', '0.78'];[[1, 2, 2], [2, 2, 2], [2, 2, 2], [2, 2, 2], [2, 2, 2]];[[1, 3, 3], [3, 3, 3], [3, 3, 3], [3, 3, 3], [3, 3, 3], [3, 3, 3]];nnUNetData_poolBasedOnSpacing
Task10_Colon;nnUNetPlanspoolBasedOnSpacing_plans_3D.pkl;1;2;[3, 5, 5];[ 32 224 224];['160.00', '175.00', '175.00'];[ 90 512 512];['450.00', '400.00', '400.00'];['5.00', '0.78', '0.78'];['5.00', '0.78', '0.78'];[[1, 2, 2], [1, 2, 2], [2, 2, 2], [2, 2, 2], [2, 2, 2]];[[1, 3, 3], [1, 3, 3], [3, 3, 3], [3, 3, 3], [3, 3, 3], [3, 3, 3]];nnUNetData_poolBasedOnSpacing
Task10_Colon;nnUNetPlanstargetSpacingForAnisoAxis_plans_3D.pkl;0;2;[4, 5, 5];[ 80 160 160];['275.87', '277.09', '277.09'];[130 231 231];['448.29', '400.05', '400.05'];['3.45', '1.73', '1.73'];['3.00', '0.78', '0.78'];[[1, 2, 2], [2, 2, 2], [2, 2, 2], [2, 2, 2], [2, 2, 2]];[[3, 3, 3], [3, 3, 3], [3, 3, 3], [3, 3, 3], [3, 3, 3], [3, 3, 3]];nnUNetData_targetSpacingForAnisoAxis
Task10_Colon;nnUNetPlanstargetSpacingForAnisoAxis_plans_3D.pkl;1;2;[3, 5, 5];[ 56 192 160];['168.00', '150.00', '125.00'];[150 512 512];['450.00', '400.00', '400.00'];['3.00', '0.78', '0.78'];['3.00', '0.78', '0.78'];[[1, 2, 2], [1, 2, 2], [2, 2, 2], [2, 2, 2], [2, 2, 2]];[[1, 3, 3], [3, 3, 3], [3, 3, 3], [3, 3, 3], [3, 3, 3], [3, 3, 3]];nnUNetData_targetSpacingForAnisoAxis

Task11_ISLES;nnUNetPlans_plans_2D.pkl;0;107;[5, 5];[192 160];['192.00', '160.00'];[143 170 139];['143.00', '170.00', '139.00'];['1.00', '1.00', '1.00'];['1.00', '1.00', '1.00'];[[2, 2], [2, 2], [2, 2], [2, 2], [2, 2]];[[3, 3], [3, 3], [3, 3], [3, 3], [3, 3], [3, 3]];nnUNet_2D

Task17_AbdominalOrganSegmentation;nnUNetPlans_plans_2D.pkl;0;12;[7, 7];[512 512];['1536.00', '388.00'];[148 512 512];['444.00', '388.00', '388.00'];['3.00', '0.76', '0.76'];['3.00', '0.76', '0.76'];[[2, 2], [2, 2], [2, 2], [2, 2], [2, 2], [2, 2], [2, 2]];[[3, 3], [3, 3], [3, 3], [3, 3], [3, 3], [3, 3], [3, 3], [3, 3]];nnUNet_2D
Task17_AbdominalOrganSegmentation;nnUNetPlans_plans_3D.pkl;0;2;[4, 5, 5];[ 80 160 128];['259.89', '260.87', '208.70'];[137 238 238];['445.05', '388.05', '388.05'];['3.25', '1.63', '1.63'];['3.00', '0.76', '0.76'];[[1, 2, 2], [2, 2, 2], [2, 2, 2], [2, 2, 2], [2, 2, 2]];[[3, 3, 3], [3, 3, 3], [3, 3, 3], [3, 3, 3], [3, 3, 3], [3, 3, 3]];nnUNet
Task17_AbdominalOrganSegmentation;nnUNetPlans_plans_3D.pkl;1;2;[3, 5, 5];[ 48 192 192];['144.00', '145.50', '145.50'];[148 512 512];['444.00', '388.00', '388.00'];['3.00', '0.76', '0.76'];['3.00', '0.76', '0.76'];[[1, 2, 2], [1, 2, 2], [2, 2, 2], [2, 2, 2], [2, 2, 2]];[[1, 3, 3], [3, 3, 3], [3, 3, 3], [3, 3, 3], [3, 3, 3], [3, 3, 3]];nnUNet

Task24_Promise;nnUNetPlans_plans_2D.pkl;0;22;[6, 6];[384 384];['1382.40', '235.20'];[ 24 326 326];['86.40', '199.68', '199.68'];['3.60', '0.61', '0.61'];['3.60', '0.61', '0.61'];[[2, 2], [2, 2], [2, 2], [2, 2], [2, 2], [2, 2]];[[3, 3], [3, 3], [3, 3], [3, 3], [3, 3], [3, 3], [3, 3]];nnUNet_2D
Task24_Promise;nnUNetPlans_plans_3D.pkl;0;2;[2, 6, 6];[ 20 320 256];['72.00', '196.00', '156.80'];[ 24 326 326];['86.40', '199.68', '199.68'];['3.60', '0.61', '0.61'];['3.60', '0.61', '0.61'];[[1, 2, 2], [1, 2, 2], [1, 2, 2], [1, 2, 2], [2, 2, 2], [2, 2, 2]];[[1, 3, 3], [1, 3, 3], [3, 3, 3], [3, 3, 3], [3, 3, 3], [3, 3, 3], [3, 3, 3]];nnUNet
Task24_Promise;nnUNetPlansallConv3x3_plans_3D.pkl;0;2;[2, 6, 6];[ 20 320 256];['72.00', '196.00', '156.80'];[ 24 327 327];['86.40', '200.29', '200.29'];['3.60', '0.61', '0.61'];['3.60', '0.61', '0.61'];[[1, 2, 2], [1, 2, 2], [1, 2, 2], [1, 2, 2], [2, 2, 2], [2, 2, 2]];[[3, 3, 3], [3, 3, 3], [3, 3, 3], [3, 3, 3], [3, 3, 3], [3, 3, 3], [3, 3, 3]];nnUNet
Task24_Promise;nnUNetPlanstargetSpacingForAnisoAxis_plans_3D.pkl;0;2;[2, 5, 5];[ 28 224 224];['61.60', '137.20', '137.20'];[ 39 327 327];['85.80', '200.29', '200.29'];['2.20', '0.61', '0.61'];['2.20', '0.61', '0.61'];[[1, 2, 2], [1, 2, 2], [1, 2, 2], [2, 2, 2], [2, 2, 2]];[[1, 3, 3], [3, 3, 3], [3, 3, 3], [3, 3, 3], [3, 3, 3], [3, 3, 3]];nnUNetData_targetSpacingForAnisoAxis

Task27_ACDC;nnUNetPlans_plans_2D.pkl;0;58;[5, 5];[256 224];['2560.00', '350.00'];[  9 237 208];['90.00', '370.31', '325.00'];['10.00', '1.56', '1.56'];['10.00', '1.56', '1.56'];[[2, 2], [2, 2], [2, 2], [2, 2], [2, 2]];[[3, 3], [3, 3], [3, 3], [3, 3], [3, 3], [3, 3]];nnUNet_2D
Task27_ACDC;nnUNetPlans_plans_3D.pkl;0;6;[1, 5, 5];[ 10 256 224];['100.00', '400.00', '350.00'];[  9 237 208];['90.00', '370.31', '325.00'];['10.00', '1.56', '1.56'];['10.00', '1.56', '1.56'];[[1, 2, 2], [1, 2, 2], [1, 2, 2], [1, 2, 2], [2, 2, 2]];[[1, 3, 3], [1, 3, 3], [3, 3, 3], [3, 3, 3], [3, 3, 3], [3, 3, 3]];nnUNet
Task27_ACDC;nnUNetPlansallConv3x3_plans_3D.pkl;0;6;[1, 5, 5];[ 10 256 224];['100.00', '400.00', '350.00'];[  9 237 208];['90.00', '370.31', '325.00'];['10.00', '1.56', '1.56'];['10.00', '1.56', '1.56'];[[1, 2, 2], [1, 2, 2], [1, 2, 2], [1, 2, 2], [2, 2, 2]];[[3, 3, 3], [3, 3, 3], [3, 3, 3], [3, 3, 3], [3, 3, 3], [3, 3, 3]];nnUNet
Task27_ACDC;nnUNetPlanstargetSpacingForAnisoAxis_plans_3D.pkl;0;3;[2, 5, 5];[ 20 256 224];['100.00', '400.00', '350.00'];[ 18 237 208];['90.00', '370.31', '325.00'];['5.00', '1.56', '1.56'];['5.00', '1.56', '1.56'];[[1, 2, 2], [1, 2, 2], [1, 2, 2], [2, 2, 2], [2, 2, 2]];[[1, 3, 3], [3, 3, 3], [3, 3, 3], [3, 3, 3], [3, 3, 3], [3, 3, 3]];nnUNetData_targetSpacingForAnisoAxis

Task29_LITS;nnUNetPlans_plans_2D.pkl;0;12;[7, 7];[512 512];['512.00', '393.00'];[482 512 512];['482.00', '393.00', '393.00'];['1.00', '0.77', '0.77'];['1.00', '0.77', '0.77'];[[2, 2], [2, 2], [2, 2], [2, 2], [2, 2], [2, 2], [2, 2]];[[3, 3], [3, 3], [3, 3], [3, 3], [3, 3], [3, 3], [3, 3], [3, 3]];nnUNet_2D
Task29_LITS;nnUNetPlans_plans_3D.pkl;0;2;[5, 5, 5];[128 128 128];['326.15', '250.35', '250.35'];[189 201 201];['481.58', '393.12', '393.12'];['2.55', '1.96', '1.96'];['1.00', '0.77', '0.77'];[[2, 2, 2], [2, 2, 2], [2, 2, 2], [2, 2, 2], [2, 2, 2]];[[3, 3, 3], [3, 3, 3], [3, 3, 3], [3, 3, 3], [3, 3, 3], [3, 3, 3]];nnUNet
Task29_LITS;nnUNetPlans_plans_3D.pkl;1;2;[5, 5, 5];[128 128 128];['128.00', '98.25', '98.25'];[482 512 512];['482.00', '393.00', '393.00'];['1.00', '0.77', '0.77'];['1.00', '0.77', '0.77'];[[2, 2, 2], [2, 2, 2], [2, 2, 2], [2, 2, 2], [2, 2, 2]];[[3, 3, 3], [3, 3, 3], [3, 3, 3], [3, 3, 3], [3, 3, 3], [3, 3, 3]];nnUNet

Task35_ISBILesionSegmentation;nnUNetPlans_plans_2D.pkl;0;107;[5, 5];[192 160];['192.00', '160.00'];[137 180 137];['137.00', '180.00', '137.00'];['1.00', '1.00', '1.00'];['1.00', '1.00', '1.00'];[[2, 2], [2, 2], [2, 2], [2, 2], [2, 2]];[[3, 3], [3, 3], [3, 3], [3, 3], [3, 3], [3, 3]];nnUNet_2D
Task35_ISBILesionSegmentation;nnUNetPlans_plans_3D.pkl;0;2;[4, 5, 4];[112 128  96];['112.00', '128.00', '96.00'];[137 180 137];['137.00', '180.00', '137.00'];['1.00', '1.00', '1.00'];['1.00', '1.00', '1.00'];[[1, 2, 1], [2, 2, 2], [2, 2, 2], [2, 2, 2], [2, 2, 2]];[[3, 3, 3], [3, 3, 3], [3, 3, 3], [3, 3, 3], [3, 3, 3], [3, 3, 3]];nnUNet

Task37_CHAOS_Task_3_5_Variant1;nnUNetPlans_plans_2D.pkl;0;44;[5, 6];[224 320];['2016.00', '518.75'];[ 30 197 268];['270.00', '319.36', '434.45'];['9.00', '1.62', '1.62'];['9.00', '1.62', '1.62'];[[2, 2], [2, 2], [2, 2], [2, 2], [2, 2], [1, 2]];[[3, 3], [3, 3], [3, 3], [3, 3], [3, 3], [3, 3], [3, 3]];nnUNet_2D
Task37_CHAOS_Task_3_5_Variant1;nnUNetPlansfixed_plans_3D.pkl;0;2;[2, 5, 6];[ 28 160 256];['252.00', '259.38', '415.00'];[ 30 197 268];['270.00', '319.36', '434.45'];['9.00', '1.62', '1.62'];['9.00', '1.62', '1.62'];[[1, 1, 2], [1, 2, 2], [1, 2, 2], [1, 2, 2], [2, 2, 2], [2, 2, 2]];[[1, 3, 3], [1, 3, 3], [1, 3, 1], [3, 3, 3], [3, 3, 3], [3, 3, 3], [3, 3, 3]];nnUNet
Task37_CHAOS_Task_3_5_Variant1;nnUNetPlansfixedisoPatchesInVoxels_plans_3D.pkl;0;2;[3, 5, 5];[ 32 224 224];['288.00', '363.12', '363.12'];[ 30 197 268];['270.00', '319.36', '434.45'];['9.00', '1.62', '1.62'];['9.00', '1.62', '1.62'];[[1, 2, 2], [1, 2, 2], [2, 2, 2], [2, 2, 2], [2, 2, 2]];[[1, 3, 3], [1, 3, 3], [3, 3, 3], [3, 3, 3], [3, 3, 3], [3, 3, 3]];nnUNetData_isoPatchesInVoxels

Task38_CHAOS_Task_3_5_Variant2;nnUNetPlans_plans_2D.pkl;0;45;[5, 6];[224 320];['2016.00', '531.25'];[ 30 195 262];['270.00', '323.73', '434.96'];['9.00', '1.66', '1.66'];['9.00', '1.66', '1.66'];[[2, 2], [2, 2], [2, 2], [2, 2], [2, 2], [1, 2]];[[3, 3], [3, 3], [3, 3], [3, 3], [3, 3], [3, 3], [3, 3]];nnUNet_2D
Task38_CHAOS_Task_3_5_Variant2;nnUNetPlansfixed_plans_3D.pkl;0;2;[2, 5, 6];[ 28 160 256];['252.00', '265.62', '425.00'];[ 30 195 262];['270.00', '323.73', '434.96'];['9.00', '1.66', '1.66'];['9.00', '1.66', '1.66'];[[1, 1, 2], [1, 2, 2], [1, 2, 2], [1, 2, 2], [2, 2, 2], [2, 2, 2]];[[1, 3, 3], [1, 3, 3], [1, 3, 1], [3, 3, 3], [3, 3, 3], [3, 3, 3], [3, 3, 3]];nnUNet
Task38_CHAOS_Task_3_5_Variant2;nnUNetPlansfixedisoPatchesInVoxels_plans_3D.pkl;0;2;[3, 5, 5];[ 32 224 224];['288.00', '371.88', '371.88'];[ 30 195 262];['270.00', '323.73', '434.96'];['9.00', '1.66', '1.66'];['9.00', '1.66', '1.66'];[[1, 2, 2], [1, 2, 2], [2, 2, 2], [2, 2, 2], [2, 2, 2]];[[1, 3, 3], [1, 3, 3], [3, 3, 3], [3, 3, 3], [3, 3, 3], [3, 3, 3]];nnUNetData_isoPatchesInVoxels

Task39_CHAOS_Task_3_5_Variant2_highres;nnUNetPlans_plans_2D.pkl;0;45;[5, 6];[224 320];['1232.00', '531.25'];[ 49 195 262];['269.50', '323.73', '434.96'];['5.50', '1.66', '1.66'];['5.50', '1.66', '1.66'];[[2, 2], [2, 2], [2, 2], [2, 2], [2, 2], [1, 2]];[[3, 3], [3, 3], [3, 3], [3, 3], [3, 3], [3, 3], [3, 3]];nnUNet_2D
Task39_CHAOS_Task_3_5_Variant2_highres;nnUNetPlansfixed_plans_3D.pkl;0;2;[3, 5, 5];[ 40 160 224];['220.00', '265.62', '371.88'];[ 49 195 262];['269.50', '323.73', '434.96'];['5.50', '1.66', '1.66'];['5.50', '1.66', '1.66'];[[1, 2, 2], [1, 2, 2], [2, 2, 2], [2, 2, 2], [2, 2, 2]];[[1, 3, 3], [3, 3, 3], [3, 3, 3], [3, 3, 3], [3, 3, 3], [3, 3, 3]];nnUNet
Task39_CHAOS_Task_3_5_Variant2_highres;nnUNetPlansfixedisoPatchesInVoxels_plans_3D.pkl;0;2;[3, 5, 5];[ 32 224 224];['288.00', '371.88', '371.88'];[ 30 195 262];['270.00', '323.73', '434.96'];['9.00', '1.66', '1.66'];['9.00', '1.66', '1.66'];[[1, 2, 2], [1, 2, 2], [2, 2, 2], [2, 2, 2], [2, 2, 2]];[[1, 3, 3], [1, 3, 3], [3, 3, 3], [3, 3, 3], [3, 3, 3], [3, 3, 3]];nnUNetData_isoPatchesInVoxels

Task40_KiTS;nnUNetPlans_plans_2D.pkl;0;12;[7, 7];[512 512];['1536.00', '400.00'];[137 512 512];['411.00', '400.00', '400.00'];['3.00', '0.78', '0.78'];['3.00', '0.78', '0.78'];[[2, 2], [2, 2], [2, 2], [2, 2], [2, 2], [2, 2], [2, 2]];[[3, 3], [3, 3], [3, 3], [3, 3], [3, 3], [3, 3], [3, 3], [3, 3]];nnUNet_2D
Task40_KiTS;nnUNetPlans_plans_3D.pkl;0;2;[4, 5, 5];[ 80 160 160];['257.31', '258.45', '258.45'];[128 248 248];['411.70', '400.59', '400.59'];['3.22', '1.62', '1.62'];['3.00', '0.78', '0.78'];[[1, 2, 2], [2, 2, 2], [2, 2, 2], [2, 2, 2], [2, 2, 2]];[[3, 3, 3], [3, 3, 3], [3, 3, 3], [3, 3, 3], [3, 3, 3], [3, 3, 3]];nnUNet
Task40_KiTS;nnUNetPlans_plans_3D.pkl;1;2;[3, 5, 5];[ 48 192 192];['144.00', '150.00', '150.00'];[137 512 512];['411.00', '400.00', '400.00'];['3.00', '0.78', '0.78'];['3.00', '0.78', '0.78'];[[1, 2, 2], [1, 2, 2], [2, 2, 2], [2, 2, 2], [2, 2, 2]];[[1, 3, 3], [3, 3, 3], [3, 3, 3], [3, 3, 3], [3, 3, 3], [3, 3, 3]];nnUNet

Task41_ProstatePrism;nnUNetPlans_plans_2D.pkl;0;182;[4, 5];[112 160];['336.00', '320.00'];[ 20 104 140];['60.00', '208.00', '280.00'];['3.00', '2.00', '2.00'];['3.00', '2.00', '2.00'];[[2, 2], [2, 2], [2, 2], [2, 2], [1, 2]];[[3, 3], [3, 3], [3, 3], [3, 3], [3, 3], [3, 3]];nnUNet_2D
Task41_ProstatePrism;nnUNetPlans_plans_3D.pkl;0;6;[2, 4, 5];[ 20 112 160];['60.00', '224.00', '320.00'];[ 20 104 140];['60.00', '208.00', '280.00'];['3.00', '2.00', '2.00'];['3.00', '2.00', '2.00'];[[1, 1, 2], [1, 2, 2], [1, 2, 2], [2, 2, 2], [2, 2, 2]];[[3, 3, 3], [3, 3, 3], [3, 3, 3], [3, 3, 3], [3, 3, 3], [3, 3, 3]];nnUNet

Task42_MouseBrainTumour;nnUNetPlans_plans_2D.pkl;0;50;[6, 6];[256 256];['179.20', '20.00'];[ 15 256 256];['10.50', '20.00', '20.00'];['0.70', '0.08', '0.08'];['0.70', '0.08', '0.08'];[[2, 2], [2, 2], [2, 2], [2, 2], [2, 2], [2, 2]];[[3, 3], [3, 3], [3, 3], [3, 3], [3, 3], [3, 3], [3, 3]];nnUNet_2D
Task42_MouseBrainTumour;nnUNetPlans_plans_3D.pkl;0;3;[1, 6, 6];[ 16 256 256];['11.20', '20.00', '20.00'];[ 15 256 256];['10.50', '20.00', '20.00'];['0.70', '0.08', '0.08'];['0.70', '0.08', '0.08'];[[1, 2, 2], [1, 2, 2], [1, 2, 2], [1, 2, 2], [1, 2, 2], [2, 2, 2]];[[1, 3, 3], [1, 3, 3], [1, 3, 3], [3, 3, 3], [3, 3, 3], [3, 3, 3], [3, 3, 3]];nnUNet

Task43_BraTS2019;nnUNetPlans_plans_2D.pkl;0;107;[5, 5];[192 160];['192.00', '160.00'];[139 169 138];['139.00', '169.00', '138.00'];['1.00', '1.00', '1.00'];['1.00', '1.00', '1.00'];[[2, 2], [2, 2], [2, 2], [2, 2], [2, 2]];[[3, 3], [3, 3], [3, 3], [3, 3], [3, 3], [3, 3]];nnUNet_2D
Task43_BraTS2019;nnUNetPlans_plans_3D.pkl;0;2;[5, 5, 5];[128 128 128];['128.00', '128.00', '128.00'];[139 169 138];['139.00', '169.00', '138.00'];['1.00', '1.00', '1.00'];['1.00', '1.00', '1.00'];[[2, 2, 2], [2, 2, 2], [2, 2, 2], [2, 2, 2], [2, 2, 2]];[[3, 3, 3], [3, 3, 3], [3, 3, 3], [3, 3, 3], [3, 3, 3], [3, 3, 3]];nnUNet

Task44_BrainMetastases;nnUNetPlans_plans_2D.pkl;0;76;[5, 5];[192 224];['191.98', '175.00'];[138 178 209];['137.98', '139.06', '163.28'];['1.00', '0.78', '0.78'];['1.00', '0.78', '0.78'];[[2, 2], [2, 2], [2, 2], [2, 2], [2, 2]];[[3, 3], [3, 3], [3, 3], [3, 3], [3, 3], [3, 3]];nnUNet_2D
Task44_BrainMetastases;nnUNetPlans_plans_3D.pkl;0;2;[4, 5, 5];[ 96 128 160];['95.99', '100.00', '125.00'];[138 178 209];['137.98', '139.06', '163.28'];['1.00', '0.78', '0.78'];['1.00', '0.78', '0.78'];[[1, 2, 2], [2, 2, 2], [2, 2, 2], [2, 2, 2], [2, 2, 2]];[[3, 3, 3], [3, 3, 3], [3, 3, 3], [3, 3, 3], [3, 3, 3], [3, 3, 3]];nnUNet

Task46_AbdOrgSegm2;nnUNetPlans_plans_2D.pkl;0;12;[7, 7];[512 512];['1536.00', '405.48'];[108 512 512];['324.00', '405.48', '405.48'];['3.00', '0.79', '0.79'];['3.00', '0.79', '0.79'];[[2, 2], [2, 2], [2, 2], [2, 2], [2, 2], [2, 2], [2, 2]];[[3, 3], [3, 3], [3, 3], [3, 3], [3, 3], [3, 3], [3, 3], [3, 3]];nnUNet_2D
Task46_AbdOrgSegm2;nnUNetPlans_plans_3D.pkl;0;2;[4, 5, 5];[ 64 192 160];['192.00', '290.33', '241.94'];[108 268 268];['324.00', '405.25', '405.25'];['3.00', '1.51', '1.51'];['3.00', '0.79', '0.79'];[[1, 2, 2], [2, 2, 2], [2, 2, 2], [2, 2, 2], [2, 2, 2]];[[3, 3, 3], [3, 3, 3], [3, 3, 3], [3, 3, 3], [3, 3, 3], [3, 3, 3]];nnUNet
Task46_AbdOrgSegm2;nnUNetPlans_plans_3D.pkl;1;2;[3, 5, 5];[ 40 224 192];['120.00', '177.40', '152.06'];[108 512 512];['324.00', '405.48', '405.48'];['3.00', '0.79', '0.79'];['3.00', '0.79', '0.79'];[[1, 2, 2], [1, 2, 2], [2, 2, 2], [2, 2, 2], [2, 2, 2]];[[1, 3, 3], [3, 3, 3], [3, 3, 3], [3, 3, 3], [3, 3, 3], [3, 3, 3]];nnUNet

Task48_KiTS_clean;nnUNet3DPlans_targetSpacing25Perc_plans_3D.pkl;0;2;[4, 5, 5];[ 80 160 160];['235.31', '270.42', '270.42'];[140 237 237];['411.79', '400.56', '400.56'];['2.94', '1.69', '1.69'];['1.25', '0.72', '0.72'];[[1, 2, 2], [2, 2, 2], [2, 2, 2], [2, 2, 2], [2, 2, 2]];[[3, 3, 3], [3, 3, 3], [3, 3, 3], [3, 3, 3], [3, 3, 3], [3, 3, 3]];nnUNetData3D_targetSpacing25Perc
Task48_KiTS_clean;nnUNet3DPlans_targetSpacing25Perc_plans_3D.pkl;1;2;[4, 5, 5];[ 80 160 160];['100.00', '114.92', '114.92'];[328 557 557];['410.00', '400.07', '400.07'];['1.25', '0.72', '0.72'];['1.25', '0.72', '0.72'];[[1, 2, 2], [2, 2, 2], [2, 2, 2], [2, 2, 2], [2, 2, 2]];[[3, 3, 3], [3, 3, 3], [3, 3, 3], [3, 3, 3], [3, 3, 3], [3, 3, 3]];nnUNetData3D_targetSpacing25Perc
Task48_KiTS_clean;nnUNetPlans_plans_2D.pkl;0;12;[7, 7];[512 512];['1536.00', '400.00'];[137 512 512];['411.00', '400.00', '400.00'];['3.00', '0.78', '0.78'];['3.00', '0.78', '0.78'];[[2, 2], [2, 2], [2, 2], [2, 2], [2, 2], [2, 2], [2, 2]];[[3, 3], [3, 3], [3, 3], [3, 3], [3, 3], [3, 3], [3, 3], [3, 3]];nnUNet_2D
Task48_KiTS_clean;nnUNetPlans_plans_3D.pkl;0;2;[4, 5, 5];[ 80 160 160];['257.31', '258.45', '258.45'];[128 248 248];['411.70', '400.59', '400.59'];['3.22', '1.62', '1.62'];['3.00', '0.78', '0.78'];[[1, 2, 2], [2, 2, 2], [2, 2, 2], [2, 2, 2], [2, 2, 2]];[[3, 3, 3], [3, 3, 3], [3, 3, 3], [3, 3, 3], [3, 3, 3], [3, 3, 3]];nnUNet
Task48_KiTS_clean;nnUNetPlans_plans_3D.pkl;1;2;[3, 5, 5];[ 48 192 192];['144.00', '150.00', '150.00'];[137 512 512];['411.00', '400.00', '400.00'];['3.00', '0.78', '0.78'];['3.00', '0.78', '0.78'];[[1, 2, 2], [1, 2, 2], [2, 2, 2], [2, 2, 2], [2, 2, 2]];[[1, 3, 3], [3, 3, 3], [3, 3, 3], [3, 3, 3], [3, 3, 3], [3, 3, 3]];nnUNet

Task49_StructSeg2019_Task1_HaN_OAR;nnUNetPlans_customClip_plans_3D.pkl;0;2;[3, 5, 5];[ 56 192 160];['224.20', '386.16', '321.80'];[ 93 290 290];['372.33', '583.26', '583.26'];['4.00', '2.01', '2.01'];['3.00', '1.14', '1.14'];[[1, 2, 2], [1, 2, 2], [2, 2, 2], [2, 2, 2], [2, 2, 2]];[[3, 3, 3], [3, 3, 3], [3, 3, 3], [3, 3, 3], [3, 3, 3], [3, 3, 3]];nnUNetData3D_customclip
Task49_StructSeg2019_Task1_HaN_OAR;nnUNetPlans_customClip_plans_3D.pkl;1;2;[3, 5, 5];[ 40 192 192];['120.00', '219.00', '219.00'];[124 512 512];['372.00', '584.00', '584.00'];['3.00', '1.14', '1.14'];['3.00', '1.14', '1.14'];[[1, 2, 2], [1, 2, 2], [2, 2, 2], [2, 2, 2], [2, 2, 2]];[[1, 3, 3], [3, 3, 3], [3, 3, 3], [3, 3, 3], [3, 3, 3], [3, 3, 3]];nnUNetData3D_customclip
Task49_StructSeg2019_Task1_HaN_OAR;nnUNetPlans_plans_2D.pkl;0;11;[7, 7];[512 512];['1536.00', '584.00'];[124 512 512];['372.00', '584.00', '584.00'];['3.00', '1.14', '1.14'];['3.00', '1.14', '1.14'];[[2, 2], [2, 2], [2, 2], [2, 2], [2, 2], [2, 2], [2, 2]];[[3, 3], [3, 3], [3, 3], [3, 3], [3, 3], [3, 3], [3, 3], [3, 3]];nnUNet_2D
Task49_StructSeg2019_Task1_HaN_OAR;nnUNetPlans_plans_3D.pkl;0;2;[3, 5, 5];[ 56 192 160];['224.20', '386.16', '321.80'];[ 93 290 290];['372.33', '583.26', '583.26'];['4.00', '2.01', '2.01'];['3.00', '1.14', '1.14'];[[1, 2, 2], [1, 2, 2], [2, 2, 2], [2, 2, 2], [2, 2, 2]];[[3, 3, 3], [3, 3, 3], [3, 3, 3], [3, 3, 3], [3, 3, 3], [3, 3, 3]];nnUNet
Task49_StructSeg2019_Task1_HaN_OAR;nnUNetPlans_plans_3D.pkl;1;2;[3, 5, 5];[ 40 192 192];['120.00', '219.00', '219.00'];[124 512 512];['372.00', '584.00', '584.00'];['3.00', '1.14', '1.14'];['3.00', '1.14', '1.14'];[[1, 2, 2], [1, 2, 2], [2, 2, 2], [2, 2, 2], [2, 2, 2]];[[1, 3, 3], [3, 3, 3], [3, 3, 3], [3, 3, 3], [3, 3, 3], [3, 3, 3]];nnUNet

Task50_StructSeg2019_Task2_Naso_GTV;nnUNetPlans_customClip_plans_3D.pkl;0;2;[3, 5, 5];[ 56 192 160];['224.20', '386.16', '321.80'];[ 93 290 290];['372.33', '583.26', '583.26'];['4.00', '2.01', '2.01'];['3.00', '1.14', '1.14'];[[1, 2, 2], [1, 2, 2], [2, 2, 2], [2, 2, 2], [2, 2, 2]];[[3, 3, 3], [3, 3, 3], [3, 3, 3], [3, 3, 3], [3, 3, 3], [3, 3, 3]];nnUNetData3D_customclip
Task50_StructSeg2019_Task2_Naso_GTV;nnUNetPlans_customClip_plans_3D.pkl;1;2;[3, 5, 5];[ 48 192 192];['144.00', '219.00', '219.00'];[124 512 512];['372.00', '584.00', '584.00'];['3.00', '1.14', '1.14'];['3.00', '1.14', '1.14'];[[1, 2, 2], [1, 2, 2], [2, 2, 2], [2, 2, 2], [2, 2, 2]];[[1, 3, 3], [3, 3, 3], [3, 3, 3], [3, 3, 3], [3, 3, 3], [3, 3, 3]];nnUNetData3D_customclip
Task50_StructSeg2019_Task2_Naso_GTV;nnUNetPlans_plans_2D.pkl;0;12;[7, 7];[512 512];['1536.00', '584.00'];[124 512 512];['372.00', '584.00', '584.00'];['3.00', '1.14', '1.14'];['3.00', '1.14', '1.14'];[[2, 2], [2, 2], [2, 2], [2, 2], [2, 2], [2, 2], [2, 2]];[[3, 3], [3, 3], [3, 3], [3, 3], [3, 3], [3, 3], [3, 3], [3, 3]];nnUNet_2D
Task50_StructSeg2019_Task2_Naso_GTV;nnUNetPlans_plans_3D.pkl;0;2;[3, 5, 5];[ 56 192 160];['224.20', '386.16', '321.80'];[ 93 290 290];['372.33', '583.26', '583.26'];['4.00', '2.01', '2.01'];['3.00', '1.14', '1.14'];[[1, 2, 2], [1, 2, 2], [2, 2, 2], [2, 2, 2], [2, 2, 2]];[[3, 3, 3], [3, 3, 3], [3, 3, 3], [3, 3, 3], [3, 3, 3], [3, 3, 3]];nnUNet
Task50_StructSeg2019_Task2_Naso_GTV;nnUNetPlans_plans_3D.pkl;1;2;[3, 5, 5];[ 48 192 192];['144.00', '219.00', '219.00'];[124 512 512];['372.00', '584.00', '584.00'];['3.00', '1.14', '1.14'];['3.00', '1.14', '1.14'];[[1, 2, 2], [1, 2, 2], [2, 2, 2], [2, 2, 2], [2, 2, 2]];[[1, 3, 3], [3, 3, 3], [3, 3, 3], [3, 3, 3], [3, 3, 3], [3, 3, 3]];nnUNet

Task51_StructSeg2019_Task3_Thoracic_OAR;nnUNetPlans_customClip_plans_3D.pkl;0;2;[3, 5, 5];[ 56 192 160];['280.00', '400.70', '333.92'];[ 94 287 287];['470.00', '598.97', '598.97'];['5.00', '2.09', '2.09'];['5.00', '1.17', '1.17'];[[1, 2, 2], [1, 2, 2], [2, 2, 2], [2, 2, 2], [2, 2, 2]];[[1, 3, 3], [3, 3, 3], [3, 3, 3], [3, 3, 3], [3, 3, 3], [3, 3, 3]];nnUNetData3D_customclip
Task51_StructSeg2019_Task3_Thoracic_OAR;nnUNetPlans_customClip_plans_3D.pkl;1;2;[3, 5, 5];[ 40 224 192];['200.00', '262.50', '225.00'];[ 94 512 512];['470.00', '600.00', '600.00'];['5.00', '1.17', '1.17'];['5.00', '1.17', '1.17'];[[1, 2, 2], [1, 2, 2], [2, 2, 2], [2, 2, 2], [2, 2, 2]];[[1, 3, 3], [1, 3, 3], [3, 3, 3], [3, 3, 3], [3, 3, 3], [3, 3, 3]];nnUNetData3D_customclip
Task51_StructSeg2019_Task3_Thoracic_OAR;nnUNetPlans_plans_2D.pkl;0;12;[7, 7];[512 512];['2560.00', '600.00'];[ 94 512 512];['470.00', '600.00', '600.00'];['5.00', '1.17', '1.17'];['5.00', '1.17', '1.17'];[[2, 2], [2, 2], [2, 2], [2, 2], [2, 2], [2, 2], [2, 2]];[[3, 3], [3, 3], [3, 3], [3, 3], [3, 3], [3, 3], [3, 3], [3, 3]];nnUNet_2D
Task51_StructSeg2019_Task3_Thoracic_OAR;nnUNetPlans_plans_3D.pkl;0;2;[3, 5, 5];[ 56 192 160];['280.00', '400.70', '333.92'];[ 94 287 287];['470.00', '598.97', '598.97'];['5.00', '2.09', '2.09'];['5.00', '1.17', '1.17'];[[1, 2, 2], [1, 2, 2], [2, 2, 2], [2, 2, 2], [2, 2, 2]];[[1, 3, 3], [3, 3, 3], [3, 3, 3], [3, 3, 3], [3, 3, 3], [3, 3, 3]];nnUNet
Task51_StructSeg2019_Task3_Thoracic_OAR;nnUNetPlans_plans_3D.pkl;1;2;[3, 5, 5];[ 40 224 192];['200.00', '262.50', '225.00'];[ 94 512 512];['470.00', '600.00', '600.00'];['5.00', '1.17', '1.17'];['5.00', '1.17', '1.17'];[[1, 2, 2], [1, 2, 2], [2, 2, 2], [2, 2, 2], [2, 2, 2]];[[1, 3, 3], [1, 3, 3], [3, 3, 3], [3, 3, 3], [3, 3, 3], [3, 3, 3]];nnUNet

Task52_StructSeg2019_Task4_Lung_GTV;nnUNetPlans_customClip_plans_3D.pkl;0;2;[3, 5, 5];[ 56 192 160];['280.00', '400.70', '333.92'];[ 94 287 287];['470.00', '598.97', '598.97'];['5.00', '2.09', '2.09'];['5.00', '1.17', '1.17'];[[1, 2, 2], [1, 2, 2], [2, 2, 2], [2, 2, 2], [2, 2, 2]];[[1, 3, 3], [3, 3, 3], [3, 3, 3], [3, 3, 3], [3, 3, 3], [3, 3, 3]];nnUNetData3D_customclip
Task52_StructSeg2019_Task4_Lung_GTV;nnUNetPlans_customClip_plans_3D.pkl;1;2;[3, 5, 5];[ 40 224 192];['200.00', '262.50', '225.00'];[ 94 512 512];['470.00', '600.00', '600.00'];['5.00', '1.17', '1.17'];['5.00', '1.17', '1.17'];[[1, 2, 2], [1, 2, 2], [2, 2, 2], [2, 2, 2], [2, 2, 2]];[[1, 3, 3], [1, 3, 3], [3, 3, 3], [3, 3, 3], [3, 3, 3], [3, 3, 3]];nnUNetData3D_customclip
Task52_StructSeg2019_Task4_Lung_GTV;nnUNetPlans_plans_2D.pkl;0;12;[7, 7];[512 512];['2560.00', '600.00'];[ 94 512 512];['470.00', '600.00', '600.00'];['5.00', '1.17', '1.17'];['5.00', '1.17', '1.17'];[[2, 2], [2, 2], [2, 2], [2, 2], [2, 2], [2, 2], [2, 2]];[[3, 3], [3, 3], [3, 3], [3, 3], [3, 3], [3, 3], [3, 3], [3, 3]];nnUNet_2D
Task52_StructSeg2019_Task4_Lung_GTV;nnUNetPlans_plans_3D.pkl;0;2;[3, 5, 5];[ 56 192 160];['280.00', '400.70', '333.92'];[ 94 287 287];['470.00', '598.97', '598.97'];['5.00', '2.09', '2.09'];['5.00', '1.17', '1.17'];[[1, 2, 2], [1, 2, 2], [2, 2, 2], [2, 2, 2], [2, 2, 2]];[[1, 3, 3], [3, 3, 3], [3, 3, 3], [3, 3, 3], [3, 3, 3], [3, 3, 3]];nnUNet
Task52_StructSeg2019_Task4_Lung_GTV;nnUNetPlans_plans_3D.pkl;1;2;[3, 5, 5];[ 40 224 192];['200.00', '262.50', '225.00'];[ 94 512 512];['470.00', '600.00', '600.00'];['5.00', '1.17', '1.17'];['5.00', '1.17', '1.17'];[[1, 2, 2], [1, 2, 2], [2, 2, 2], [2, 2, 2], [2, 2, 2]];[[1, 3, 3], [1, 3, 3], [3, 3, 3], [3, 3, 3], [3, 3, 3], [3, 3, 3]];nnUNet

Task53_MetMapSeg_KickingNeub_Exp1;nnUNetPlans_plans_2D.pkl;0;30;[5, 5];[160 160];['480.00', '278.26'];[ 40 138 138];['120.00', '240.00', '240.00'];['3.00', '1.74', '1.74'];['3.00', '1.74', '1.74'];[[2, 2], [2, 2], [2, 2], [2, 2], [2, 2]];[[3, 3], [3, 3], [3, 3], [3, 3], [3, 3], [3, 3]];nnUNet_2D
Task53_MetMapSeg_KickingNeub_Exp1;nnUNetPlans_plans_3D.pkl;0;2;[3, 5, 5];[ 40 160 160];['120.00', '278.26', '278.26'];[ 40 138 138];['120.00', '240.00', '240.00'];['3.00', '1.74', '1.74'];['3.00', '1.74', '1.74'];[[1, 2, 2], [1, 2, 2], [2, 2, 2], [2, 2, 2], [2, 2, 2]];[[3, 3, 3], [3, 3, 3], [3, 3, 3], [3, 3, 3], [3, 3, 3], [3, 3, 3]];nnUNet

Task54_MetMapSeg_KickingNeub_Exp2;nnUNetPlans_plans_2D.pkl;0;30;[5, 5];[160 160];['480.00', '278.26'];[ 40 138 138];['120.00', '240.00', '240.00'];['3.00', '1.74', '1.74'];['3.00', '1.74', '1.74'];[[2, 2], [2, 2], [2, 2], [2, 2], [2, 2]];[[3, 3], [3, 3], [3, 3], [3, 3], [3, 3], [3, 3]];nnUNet_2D
Task54_MetMapSeg_KickingNeub_Exp2;nnUNetPlans_plans_3D.pkl;0;2;[3, 5, 5];[ 40 160 160];['120.00', '278.26', '278.26'];[ 40 138 138];['120.00', '240.00', '240.00'];['3.00', '1.74', '1.74'];['3.00', '1.74', '1.74'];[[1, 2, 2], [1, 2, 2], [2, 2, 2], [2, 2, 2], [2, 2, 2]];[[3, 3, 3], [3, 3, 3], [3, 3, 3], [3, 3, 3], [3, 3, 3], [3, 3, 3]];nnUNet

